ID User,Dt Ime Pay,ID Item Buy,Cnt Buy
2902760,2022-10-27T03:23:00,988,1000
2903988,2023-03-29T09:19:00,133,30
2901317,2023-01-26T19:25:00,988,1000
2903194,2023-02-27T22:27:00,989,50
2902041,2022-11-24T07:51:00,988,4000
2903975,2023-01-18T23:14:00,133,20
2901428,2022-10-31T21:46:00,97,200
2902952,2023-01-18T02:47:00,989,50
2903657,2023-03-31T23:07:00,146,50
2902987,2022-08-25T05:57:00,146,50
2903098,2022-12-01T07:00:00,146,25
2903150,2022-09-26T04:13:00,97,200
2903715,2023-03-28T00:39:00,133,20
2903770,2022-12-25T00:25:00,133,30
2902879,2022-11-10T19:04:00,1000,1
2902399,2023-02-01T09:32:00,133,10
2902444,2022-10-18T19:51:00,989,25
2903112,2022-07-12T12:33:00,97,600
2902459,2022-11-16T10:35:00,988,3000
2901751,2023-03-12T23:38:00,2003,1
2903884,2023-01-10T08:51:00,1001,1
2903128,2022-09-15T08:20:00,133,20
2902690,2022-09-16T16:51:00,133,30
2902871,2022-12-20T12:20:00,99,100
2903737,2022-07-30T08:09:00,97,200
2904030,2023-01-17T10:10:00,97,100
2903745,2023-03-23T21:10:00,2001,2
2902120,2022-08-22T01:16:00,98,200
2902869,2023-03-18T12:27:00,989,50
2901480,2022-12-19T23:22:00,146,25
2901810,2022-09-02T00:39:00,988,5000
2902358,2022-09-21T04:46:00,133,50
2904003,2023-03-14T05:10:00,146,25
2901293,2023-04-02T08:58:00,133,20
2902627,2022-09-06T10:50:00,98,200
2901416,2022-07-07T10:07:00,989,150
2901656,2023-02-16T09:28:00,98,200
2901784,2023-03-19T06:31:00,146,25
2902605,2022-11-04T05:21:00,2002,1
2903253,2022-11-10T15:07:00,133,20
2903698,2023-03-07T03:58:00,133,20
2902355,2023-03-06T03:47:00,133,20
2902473,2023-03-11T20:23:00,2002,1
2901678,2023-04-03T18:43:00,99,200
2903196,2023-02-14T10:08:00,2002,1
2901526,2023-03-11T23:23:00,989,25
2903936,2023-03-09T05:59:00,989,100
2903887,2022-09-11T11:11:00,989,100
2902589,2023-03-21T22:49:00,133,30
2903177,2022-10-13T19:13:00,133,30
2901195,2023-03-16T10:45:00,146,25
2903696,2022-12-16T14:08:00,133,30
2903011,2022-11-04T11:13:00,989,100
2901173,2022-12-28T11:33:00,99,200
2901388,2022-11-16T14:37:00,133,20
2903308,2022-11-10T15:53:00,989,25
2902047,2022-11-20T23:45:00,2001,2
2901379,2023-04-03T11:43:00,2003,1
2903697,2023-01-29T12:33:00,988,1000
2902671,2022-08-25T15:44:00,2002,1
2901902,2022-08-25T01:30:00,146,25
2901952,2023-02-17T17:33:00,133,10
2903348,2022-07-07T06:15:00,133,30
2903261,2022-08-15T08:46:00,1000,1
2903149,2023-03-25T03:56:00,97,200
2902841,2023-03-16T14:59:00,133,20
2902171,2023-03-21T10:36:00,133,10
2901123,2023-03-24T22:45:00,1002,1
2902502,2022-11-09T12:32:00,133,30
2901718,2022-08-27T04:31:00,989,100
2903552,2022-11-20T21:30:00,99,300
2902305,2023-03-07T23:01:00,989,25
2901094,2023-02-07T20:57:00,146,25
2901756,2022-12-02T20:36:00,2002,1
2904008,2022-12-08T15:37:00,146,50
2903100,2022-11-08T01:39:00,2001,5
2901034,2022-08-16T11:37:00,146,25
2903226,2023-04-01T06:56:00,133,10
2904043,2022-12-22T04:42:00,133,30
2903618,2022-12-26T01:08:00,988,3000
2901666,2022-10-10T10:09:00,133,20
2903748,2023-02-21T18:11:00,1001,1
2902129,2022-10-30T02:10:00,133,30
2901645,2023-02-21T18:17:00,2001,3
2901667,2023-03-10T00:35:00,146,25
2901340,2022-12-30T17:41:00,133,20
2903908,2023-01-30T17:37:00,989,25
2903501,2023-03-30T13:36:00,989,100
2902513,2022-12-31T20:42:00,133,30
2901186,2023-03-30T03:21:00,99,400
2901252,2023-02-04T11:13:00,146,50
2901586,2023-01-07T10:37:00,146,25
2903441,2022-08-27T07:03:00,1002,1
2901451,2022-10-14T07:03:00,99,100
2901035,2023-01-01T22:49:00,97,200
2902045,2023-03-27T01:59:00,133,10
2903577,2023-04-12T04:18:00,98,100
2901865,2023-01-11T18:20:00,1003,1
2902885,2023-01-09T22:05:00,133,20
2903985,2023-03-29T07:28:00,99,300
2903097,2022-07-16T03:40:00,98,300
2903692,2023-03-17T18:59:00,99,400
2903524,2023-04-22T17:33:00,133,30
2902450,2022-08-13T12:56:00,989,50
2903859,2023-04-11T09:12:00,989,25
2902903,2023-03-16T23:16:00,133,40
2904063,2022-10-25T23:30:00,988,1000
2902746,2023-04-01T13:08:00,988,1000
2903206,2022-11-12T23:13:00,2001,3
2902548,2023-04-04T16:46:00,133,30
2902204,2022-10-15T06:14:00,2003,1
2901390,2023-01-07T18:28:00,99,300
2904034,2023-01-13T01:08:00,2001,2
2901663,2023-01-12T16:03:00,133,10
2902177,2023-01-15T20:58:00,97,200
2901335,2023-04-01T15:48:00,99,400
2902829,2022-12-11T23:18:00,97,200
2901324,2023-01-07T07:57:00,989,25
2902470,2023-04-10T11:53:00,133,20
2903729,2023-03-17T07:44:00,146,50
2902977,2022-12-10T20:53:00,99,200
2901384,2023-03-06T01:54:00,133,20
2902538,2022-10-22T01:57:00,98,400
2903576,2022-11-02T16:53:00,2002,1
2901230,2023-02-23T08:45:00,133,10
2901027,2023-01-30T20:33:00,989,25
2901742,2022-09-04T00:21:00,99,100
2902828,2023-03-13T23:27:00,133,10
2903232,2022-10-17T02:55:00,133,20
2902599,2022-10-15T05:08:00,989,100
2901224,2023-02-22T10:16:00,98,200
2903527,2022-08-29T18:20:00,133,30
2903860,2022-07-15,146,25
2901236,2022-08-04T14:13:00,146,50
2901552,2023-03-14T09:27:00,98,300
2903758,2023-03-21T08:31:00,133,20
2902183,2022-09-27T21:30:00,989,100
2904045,2022-08-25T14:14:00,989,100
2902581,2022-10-19T15:51:00,133,50
2902271,2023-02-14T12:23:00,2001,2
2903008,2023-02-08T18:15:00,133,20
2902991,2023-01-23T21:59:00,2003,1
2903430,2022-09-08T10:27:00,146,50
2902670,2023-03-15T23:52:00,989,100
2901380,2023-02-19T23:34:00,2001,1
2903331,2022-09-04T22:05:00,146,25
2902737,2022-08-06T13:11:00,988,4000
2901888,2023-03-22T22:55:00,133,30
2902541,2022-12-08T22:05:00,146,50
2902776,2022-08-31T20:11:00,988,3000
2901443,2023-03-20T02:02:00,2002,1
2901397,2022-11-20T23:19:00,146,25
2902639,2023-04-09T21:36:00,146,75
2902569,2023-02-08T13:28:00,1003,1
2903966,2022-09-04T02:18:00,133,30
2903633,2022-10-21T15:12:00,99,200
2902546,2023-04-19T17:45:00,133,30
2902113,2022-08-12T12:27:00,988,1000
2904051,2022-10-10T04:39:00,988,1000
2902151,2023-03-26T03:53:00,989,50
2902086,2022-07-26T16:15:00,2003,1
2902002,2023-01-29T17:05:00,1001,1
2901486,2022-08-27T23:23:00,146,50
2902288,2022-12-26T01:19:00,2001,2
2903944,2023-03-08T07:36:00,133,20
2902213,2023-02-03T21:51:00,988,2000
2901537,2023-01-26T07:45:00,99,700
2901914,2023-04-02T02:46:00,133,40
2901955,2022-11-03T17:51:00,2002,1
2902946,2023-03-09T15:21:00,1001,2
2901643,2023-04-14T04:02:00,133,20
2901993,2023-01-19T02:53:00,146,25
2902343,2022-08-04T12:17:00,989,100
2902570,2023-02-10T13:58:00,989,75
2902718,2022-07-29T08:10:00,133,30
2902278,2023-04-02T10:51:00,97,200
2903510,2022-08-15T08:52:00,133,30
2903222,2023-02-06T09:22:00,97,200
2902331,2023-03-01T20:47:00,988,4000
2901664,2023-03-21T20:08:00,989,100
2901106,2023-02-22T07:29:00,988,2000
2901818,2023-02-01T18:35:00,2001,2
2902965,2022-07-14T17:49:00,97,300
2903519,2023-04-08T03:01:00,2001,2
2903074,2023-02-21T12:00:00,146,25
2903587,2023-02-06T09:07:00,146,50
2903486,2023-03-03T11:35:00,989,25
2903101,2022-11-20T20:00:00,146,25
2903019,2023-03-26T11:28:00,133,10
2901180,2023-01-06T00:07:00,988,1000
2902042,2022-08-11T12:33:00,146,100
2902532,2023-01-13T04:20:00,989,75
2902322,2023-03-10T19:58:00,99,300
2902822,2022-11-25T21:35:00,133,30
2901572,2022-10-25T04:08:00,2002,1
2902927,2022-07-17T23:59:00,2003,1
2902611,2022-11-03T10:05:00,1003,1
2901085,2023-01-26T11:46:00,133,30
2901703,2023-03-29T13:39:00,133,20
2902797,2022-08-19T10:51:00,146,50
2901829,2022-09-28T18:20:00,99,500
2903815,2023-03-01T04:21:00,1002,2
2903056,2023-03-29T04:12:00,2001,3
2903751,2023-01-26T05:57:00,99,200
2903929,2023-03-15T12:17:00,989,50
2901467,2023-01-05T13:54:00,1003,1
2902428,2023-03-14T23:45:00,988,2000
2901057,2023-02-16T01:23:00,2003,1
2901077,2023-01-18T15:22:00,133,10
2901370,2023-03-27T21:25:00,133,10
2903506,2023-04-09T08:57:00,133,10
2902897,2023-01-20T02:21:00,146,25
2903391,2023-04-09T07:04:00,2001,3
2903186,2022-09-01T21:03:00,133,30
2901605,2023-01-24T10:26:00,989,75
2903726,2023-01-29T20:06:00,133,10
2903167,2023-02-24T06:43:00,988,2000
2902649,2022-08-09T23:18:00,133,30
2901530,2022-09-08T16:00:00,99,300
2901332,2023-01-01T14:08:00,989,100
2901265,2023-03-22T13:32:00,146,25
2901263,2023-02-22T06:11:00,2001,1
2903733,2023-03-27T02:12:00,133,30
2903293,2022-10-01T11:12:00,989,75
2902066,2023-04-03T06:23:00,2002,1
2903332,2023-02-09T22:30:00,146,50
2903800,2023-04-10T06:00:00,133,60
2901151,2022-11-24T00:34:00,133,20
2902309,2023-04-07T23:48:00,133,20
2901691,2022-09-06T09:00:00,989,50
2902628,2022-11-13T23:05:00,1000,1
2902503,2022-08-11T08:11:00,133,50
2902708,2023-04-09T12:07:00,988,1000
2901862,2023-03-06T20:43:00,133,30
2901492,2022-11-06T23:56:00,133,30
2903938,2023-04-16T09:42:00,133,10
2901548,2023-03-29T13:46:00,2001,2
2901367,2022-11-19T18:03:00,146,25
2903277,2022-11-13T19:43:00,989,50
2901769,2023-03-05T08:38:00,989,25
2903106,2022-08-13T17:18:00,133,30
2901983,2023-04-01T07:53:00,133,20
2901739,2023-03-28T03:32:00,133,30
2904009,2023-01-18T03:31:00,1000,1
2902118,2023-01-01T08:06:00,989,100
2901627,2023-02-24T19:24:00,133,20
2903602,2023-02-26T03:19:00,97,200
2903269,2023-02-23T10:54:00,2002,1
2902941,2023-03-23T12:52:00,133,10
2902395,2023-03-19T02:20:00,988,1000
2901736,2023-01-10T11:31:00,133,30
2903580,2022-09-22T04:15:00,1000,1
2902761,2023-03-21T20:44:00,133,20
2904065,2023-04-07T17:03:00,133,60
2901499,2022-08-10T12:50:00,2002,1
2901883,2023-01-10T14:34:00,99,200
2901415,2022-08-17T09:50:00,2001,1
2903643,2023-03-30T13:56:00,133,20
2903805,2023-01-21T08:10:00,98,200
2903169,2023-04-10T06:41:00,98,200
2902645,2023-04-07T08:17:00,97,200
2902249,2023-04-11T04:41:00,989,100
2901864,2023-03-08T05:01:00,2003,1
2902806,2023-04-13T11:17:00,133,10
2902820,2023-03-27T04:48:00,146,25
2901407,2022-10-27T05:20:00,989,25
2903451,2023-04-17T18:18:00,99,100
2902568,2022-08-14T12:34:00,99,200
2901915,2023-03-14T16:56:00,989,75
2904022,2022-07-12T06:36:00,2001,5
2902140,2023-03-06T14:39:00,1000,3
2903375,2022-08-27T17:03:00,1001,2
2901783,2022-09-22T04:43:00,989,100
2903227,2022-10-18T18:58:00,99,100
2902919,2023-04-02T01:20:00,989,25
2902931,2023-02-24T03:19:00,98,300
2903230,2022-08-16T08:00:00,1000,1
2904086,2023-02-18T06:29:00,989,75
2901481,2023-03-26T18:11:00,133,50
2903257,2022-12-22T13:15:00,133,20
2901556,2023-03-10T20:12:00,988,3000
2903052,2023-02-03T16:32:00,133,20
2903743,2022-08-19T11:09:00,133,30
2901086,2022-09-08T05:09:00,146,25
2902458,2023-01-11T15:41:00,2001,1
2902221,2022-11-22T17:01:00,99,300
2902490,2023-01-12T01:38:00,1003,1
2902667,2022-09-14T17:12:00,133,30
2901364,2022-12-20T08:14:00,988,2000
2903189,2023-01-05T19:47:00,133,30
2903432,2022-12-18T07:53:00,146,100
2902360,2022-11-17T19:50:00,1001,1
2901061,2023-03-20T18:55:00,989,100
2901878,2022-09-11T21:00:00,146,25
2901031,2023-01-15T15:15:00,989,50
2903977,2022-11-14T16:22:00,2003,1
2901365,2022-10-26T17:12:00,1000,1
2901581,2022-12-22T03:31:00,989,50
2902181,2022-12-20T11:09:00,133,20
2902848,2023-03-14T05:21:00,133,20
2901089,2023-01-03T14:27:00,133,20
2903498,2022-11-24T03:08:00,989,25
2901719,2023-03-27T16:01:00,133,20
2902999,2022-09-09T03:05:00,989,50
2902049,2023-03-17T14:22:00,133,20
2902534,2022-11-04T05:26:00,146,50
2903265,2022-08-01T08:01:00,133,50
2903624,2023-04-08T07:59:00,97,200
2901881,2023-03-31T01:39:00,988,4000
2903115,2022-08-22T06:42:00,133,30
2903631,2022-09-06T19:59:00,146,25
2903415,2023-02-06T09:18:00,98,200
2902673,2023-01-23T08:21:00,133,20
2903588,2023-04-21T21:19:00,97,200
2903329,2022-12-20T11:03:00,133,20
2902617,2023-02-23T00:59:00,1002,1
2902654,2022-09-23T21:02:00,133,30
2902126,2022-11-03T16:42:00,97,200
2903047,2023-04-10T12:42:00,146,75
2903762,2022-12-01T23:48:00,2001,1
2901308,2023-03-19T00:52:00,2003,1
2903537,2023-01-02T13:12:00,99,100
2901132,2023-03-22T06:15:00,146,50
2901080,2023-03-12T12:59:00,146,25
2903049,2022-11-20T08:20:00,988,1000
2901101,2022-11-18T16:34:00,989,100
2903640,2023-03-05T11:27:00,989,100
2903354,2022-10-06T22:11:00,133,30
2902808,2022-09-07T08:19:00,99,300
2901565,2023-01-28T03:44:00,133,10
2901566,2022-08-17T08:37:00,133,30
2901676,2022-11-21T16:16:00,146,50
2901145,2022-12-25T03:45:00,133,30
2903774,2022-10-05T00:53:00,989,75
2903266,2022-07-09T08:12:00,133,30
2903864,2022-09-30T08:26:00,989,100
2901429,2023-03-03T13:51:00,133,10
2902261,2023-03-08T21:05:00,1000,3
2902875,2023-03-16T22:30:00,133,30
2903383,2022-08-28T06:21:00,988,1000
2902888,2023-04-17T03:07:00,988,2000
2902436,2023-01-20T16:50:00,988,2000
2901781,2023-04-25T00:02:00,133,10
2902738,2022-07-28T16:16:00,2002,1
2902526,2023-04-07T18:57:00,133,10
2901517,2022-12-27T05:59:00,133,30
2903982,2022-12-13T10:10:00,1003,1
2903661,2023-03-24T23:21:00,2001,1
2903781,2022-09-13T23:04:00,97,400
2901417,2023-04-06T08:01:00,146,25
2901029,2023-03-05T12:56:00,988,2000
2903960,2022-08-03T05:19:00,133,20
2901559,2023-02-26T10:05:00,989,25
2901728,2023-03-16T15:16:00,99,100
2901399,2023-03-29T21:28:00,989,100
2902998,2022-08-31T14:12:00,133,50
2901105,2022-10-19T01:07:00,133,50
2901653,2022-07-24T10:18:00,146,25
2901036,2022-10-31T05:03:00,2002,1
2903734,2022-09-12T10:18:00,133,50
2902735,2023-01-27T16:48:00,146,75
2903500,2022-11-12T03:41:00,133,30
2902562,2023-01-21T03:59:00,2003,1
2902314,2023-02-19T06:13:00,988,2000
2903259,2023-02-11T20:09:00,133,20
2904062,2023-01-29T09:39:00,97,200
2903821,2022-12-23T07:48:00,989,100
2902474,2022-08-15T10:06:00,133,30
2903411,2023-03-04T01:10:00,99,400
2902694,2022-08-02T14:08:00,133,30
2903825,2022-07-27T08:42:00,146,25
2902236,2023-04-05T10:27:00,146,50
2904011,2023-03-06T17:21:00,133,30
2903144,2023-04-05T19:12:00,2002,1
2904004,2022-11-10T12:29:00,989,50
2903551,2023-01-28T01:50:00,133,20
2902295,2023-02-25T19:00:00,989,25
2901946,2022-07-21T11:30:00,133,30
2903732,2023-03-22T01:07:00,989,100
2901333,2023-02-09T02:52:00,133,20
2902353,2023-03-10T02:40:00,99,100
2902004,2023-01-14T04:26:00,2001,1
2903041,2023-02-24T20:51:00,133,30
2903274,2023-02-21T06:46:00,133,10
2902073,2023-04-11T01:24:00,988,2000
2903063,2023-04-07T08:07:00,1001,1
2903429,2023-01-08T06:11:00,133,20
2901681,2023-04-16T12:32:00,988,3000
2903286,2022-10-31T08:31:00,146,50
2902928,2023-02-02T18:25:00,2002,1
2904078,2022-07-22T03:43:00,988,4000
2901866,2023-01-07T23:09:00,146,25
2903976,2023-03-09T15:34:00,133,10
2902600,2023-03-27T00:04:00,988,2000
2903955,2022-10-12T01:40:00,1003,1
2902362,2023-02-21T19:12:00,133,30
2903371,2023-02-25T12:47:00,988,4000
2902727,2022-07-12T07:14:00,133,30
2903248,2022-11-04T08:50:00,99,200
2902414,2022-09-22T13:52:00,989,50
2903948,2023-02-22T15:23:00,97,200
2902445,2022-08-16T01:36:00,99,200
2903999,2022-09-26T04:03:00,133,30
2902925,2022-12-14T04:48:00,133,30
2903442,2023-04-17T02:03:00,99,200
2902209,2023-02-14T06:40:00,133,20
2901355,2022-09-14T06:15:00,1003,1
2903340,2022-09-15T20:21:00,99,200
2901117,2022-12-06T08:33:00,1001,1
2902795,2023-03-27T21:23:00,97,200
2902194,2022-09-18T09:31:00,1000,1
2903513,2023-02-25T02:24:00,988,2000
2902752,2022-12-06T09:25:00,133,20
2902122,2022-12-23T01:12:00,989,25
2903201,2023-03-15T16:58:00,133,20
2903652,2022-08-07T12:30:00,133,50
2901701,2023-03-15T02:49:00,97,200
2903744,2022-11-14T02:19:00,99,600
2902404,2023-02-26T23:15:00,133,20
2902269,2023-04-09T20:27:00,146,25
2901503,2022-11-08T05:30:00,133,50
2902397,2023-02-17T12:05:00,989,50
2901032,2023-03-09T14:02:00,146,75
2902216,2023-03-21T13:04:00,989,100
2902680,2023-02-08T21:11:00,99,100
2902043,2022-11-12T09:49:00,99,300
2903546,2023-01-17T01:05:00,133,10
2902884,2022-11-18T21:39:00,989,100
2902918,2022-10-03T20:45:00,133,30
2901991,2022-08-28T10:37:00,146,50
2904037,2022-10-08T18:18:00,989,75
2902429,2023-04-05T17:20:00,1001,1
2902924,2023-03-11T10:54:00,989,100
2901194,2023-02-24T02:12:00,98,200
2901910,2023-03-16T13:48:00,133,30
2903204,2023-03-16T20:25:00,988,3000
2903183,2022-11-29T14:14:00,989,50
2901939,2023-02-20T08:23:00,146,25
2903345,2022-11-12T00:20:00,133,30
2901228,2023-03-22T18:26:00,1000,2
2903925,2022-12-26T13:26:00,99,400
2901192,2023-03-27T15:26:00,133,10
2902491,2023-01-31T02:13:00,2002,1
2901654,2023-03-09T05:38:00,133,30
2903928,2023-04-04T15:27:00,133,20
2901744,2022-12-24T18:01:00,133,30
2901764,2022-09-12T18:08:00,133,30
2901577,2023-03-16T14:57:00,97,200
2901963,2022-08-22T01:10:00,2002,2
2903327,2022-12-27T12:37:00,98,100
2903583,2023-02-14T10:02:00,1003,1
2902643,2022-10-19T10:50:00,988,5000
2903747,2023-02-04T06:16:00,98,300
2904053,2022-10-07T09:07:00,146,25
2902413,2022-12-30T05:19:00,133,30
2902341,2023-01-30T12:10:00,133,30
2901268,2023-03-31T13:54:00,133,20
2902572,2022-09-18T13:40:00,988,1000
2901128,2023-02-10T14:42:00,133,10
2901474,2023-02-28T19:47:00,989,75
2903702,2022-07-26T17:39:00,97,100
2903858,2023-02-16T07:49:00,133,10
2903276,2023-03-31T19:52:00,133,30
2901830,2023-02-16T00:03:00,99,200
2903455,2023-01-03T10:05:00,133,30
2901555,2022-07-28T06:54:00,133,30
2902853,2022-08-08T12:23:00,988,1000
2901167,2022-11-18T00:23:00,133,30
2903532,2023-02-24T02:36:00,989,50
2902326,2022-12-13T04:57:00,133,50
2902369,2022-11-29T04:53:00,133,30
2901256,2023-03-26T15:11:00,146,25
2904087,2023-04-10T05:41:00,2001,1
2901738,2022-08-29T17:54:00,133,30
2901908,2023-02-23T14:04:00,2001,2
2903919,2022-07-22T06:29:00,98,200
2903418,2023-03-30T16:18:00,133,20
2902190,2023-03-30T09:42:00,988,2000
2901111,2023-03-23T01:55:00,133,40
2901913,2022-10-11T11:40:00,133,30
2902563,2023-02-03T16:12:00,133,20
2903610,2023-04-22T13:14:00,146,25
2901250,2023-02-18T21:35:00,2002,1
2901498,2022-08-01T22:23:00,133,30
2901472,2022-09-25T15:21:00,133,30
2901843,2023-04-10T16:16:00,146,25
2902329,2023-01-24T08:10:00,133,30
2903300,2023-01-03T20:24:00,146,50
2903998,2023-04-08T20:00:00,1003,1
2901153,2022-10-07T06:07:00,133,30
2902638,2023-01-04T02:03:00,988,4000
2903836,2022-11-30T03:00:00,133,30
2903107,2023-02-24T23:54:00,989,25
2902959,2023-03-21T03:16:00,146,25
2903795,2022-07-26T10:12:00,99,200
2903380,2022-10-25T18:36:00,133,30
2902023,2023-02-28T04:20:00,133,10
2903921,2023-03-24T01:01:00,97,300
2902447,2022-10-26T12:22:00,2002,1
2901475,2022-08-01T12:36:00,146,25
2903791,2023-01-31T11:54:00,2003,1
2902143,2022-09-17T06:27:00,1001,2
2903648,2023-03-25T05:30:00,133,10
2903735,2022-12-19T19:28:00,133,30
2902914,2022-10-18T16:33:00,133,30
2901871,2022-09-08T20:26:00,988,1000
2903754,2023-03-26T03:11:00,133,30
2901150,2023-03-15T01:15:00,133,10
2901033,2023-02-17T06:33:00,133,20
2901297,2022-09-22T07:49:00,988,2000
2901494,2023-02-06T13:27:00,2003,1
2904013,2023-03-31T05:21:00,146,100
2903654,2022-11-06T07:36:00,2001,1
2903366,2023-03-07T09:40:00,988,1000
2902109,2023-04-16T18:51:00,1001,1
2902878,2022-12-05T18:54:00,989,50
2901504,2022-11-02T18:25:00,146,25
2902686,2022-09-24T15:17:00,989,50
2901053,2023-04-08T16:28:00,2001,2
2901731,2022-10-04T03:37:00,133,20
2901287,2023-02-24T14:26:00,988,2000
2902973,2023-02-23T07:38:00,989,25
2901826,2022-08-09T14:21:00,133,30
2901376,2022-11-08T09:55:00,989,100
2902915,2022-07-08T07:32:00,2002,2
2901133,2022-09-25T14:01:00,99,200
2903084,2023-03-30T00:21:00,2001,4
2902416,2022-11-13T18:57:00,133,30
2901765,2023-01-07T11:25:00,146,25
2904066,2023-01-02T07:12:00,1003,1
2901371,2023-03-06T04:20:00,133,30
2903996,2022-10-23T06:44:00,2002,1
2902751,2022-11-09T15:06:00,1003,1
2902139,2022-07-26T13:59:00,1003,1
2901515,2023-01-24T06:41:00,133,20
2901729,2022-07-11T18:48:00,2002,1
2903413,2023-01-29T00:01:00,133,10
2901613,2022-11-22T08:31:00,988,1000
2902494,2023-04-22T03:16:00,99,200
2901822,2023-01-15T14:22:00,1003,1
2903473,2022-10-20T21:24:00,133,30
2903083,2023-01-13T03:01:00,988,2000
2902091,2023-03-29T18:15:00,133,20
2902728,2023-01-30T09:04:00,133,20
2902342,2022-10-07T02:12:00,97,200
2903138,2022-10-25T19:40:00,133,30
2901373,2023-03-30T08:06:00,133,30
2901285,2023-03-05T17:41:00,133,20
2903794,2023-04-03T06:23:00,133,10
2903131,2023-01-24T05:37:00,989,25
2903841,2022-08-18T11:22:00,2001,2
2901986,2023-03-18T14:08:00,1000,3
2902420,2023-03-22T23:34:00,146,50
2903870,2022-11-22T04:45:00,2003,1
2903650,2023-01-31T18:43:00,133,10
2902370,2022-08-08T11:58:00,133,30
2902593,2022-11-04T14:03:00,133,30
2902658,2023-04-22T10:08:00,989,25
2903802,2022-09-28T17:42:00,989,25
2901623,2022-09-15T12:59:00,989,75
2903956,2023-01-23T12:57:00,97,100
2903242,2022-09-07T17:25:00,133,20
2903039,2023-03-13T11:55:00,989,50
2903688,2023-02-18T09:35:00,146,25
2901648,2022-09-09T04:15:00,133,30
2901161,2023-01-11T23:22:00,133,20
2901462,2022-09-11T01:35:00,133,20
2904052,2023-01-28T19:46:00,1003,1
2902594,2022-12-23T21:03:00,133,30
2902558,2022-10-01T23:36:00,2001,5
2901452,2022-12-26T05:06:00,97,200
2902542,2023-02-26T11:37:00,97,700
2902584,2023-01-21T13:33:00,2001,5
2903271,2022-11-12T04:07:00,988,2000
2902507,2023-03-31T23:33:00,989,75
2902922,2023-03-10T14:57:00,989,25
2903511,2023-01-27T20:41:00,98,200
2902169,2022-07-30T18:14:00,146,25
2903720,2023-03-09T02:06:00,133,20
2902872,2022-08-23T14:26:00,133,20
2902348,2023-03-13T15:01:00,146,50
2901188,2022-08-01T18:28:00,2001,2
2902817,2022-09-21T10:01:00,133,60
2902454,2023-03-28T15:44:00,133,40
2901943,2022-09-21T21:44:00,146,75
2902001,2023-03-21T22:56:00,133,10
2902763,2022-09-12T22:40:00,133,20
2901837,2023-02-24T23:11:00,146,25
2902540,2023-03-10T14:42:00,133,20
2903861,2023-04-13T19:35:00,146,25
2902354,2023-02-01T22:37:00,133,10
2901967,2022-11-17T18:16:00,133,30
2903699,2022-08-23T04:09:00,133,30
2902077,2023-03-23T16:03:00,133,50
2901647,2023-01-31T19:32:00,133,20
2903137,2022-09-09T21:14:00,133,30
2903725,2023-03-16T02:19:00,133,20
2903567,2022-12-12T19:17:00,2001,1
2902226,2023-03-04T11:47:00,133,30
2902068,2023-04-15T13:59:00,989,50
2901232,2022-09-15T19:43:00,133,30
2901233,2022-12-02T14:04:00,133,30
2903694,2023-02-17T07:07:00,133,20
2903012,2023-04-02T15:30:00,2001,2
2903390,2023-03-23T12:48:00,989,100
2902294,2022-10-01T22:52:00,133,30
2902195,2022-08-09T00:57:00,2002,2
2901604,2023-01-20T10:35:00,99,200
2901242,2022-09-17T01:16:00,2001,1
2901972,2022-07-21T23:03:00,133,30
2902455,2023-01-22T23:43:00,988,2000
2901896,2022-09-25T11:20:00,1001,2
2901520,2023-03-26T21:46:00,99,300
2901489,2022-08-29T10:38:00,2003,1
2904080,2023-02-04T18:37:00,2001,4
2902005,2022-12-20T01:59:00,99,100
2903135,2023-02-10T08:50:00,2001,3
2902104,2022-08-08T09:57:00,146,25
2903462,2022-08-01T05:17:00,133,30
2902750,2022-08-08T00:41:00,133,20
2902629,2023-02-28T01:00:00,133,30
2901440,2022-09-05T08:15:00,2001,1
2902421,2023-01-16T02:13:00,133,50
2901557,2023-01-23T17:11:00,146,50
2901593,2023-02-14T18:42:00,989,50
2901469,2022-07-28T21:52:00,2001,1
2901886,2023-03-03T04:44:00,988,1000
2903228,2022-11-29T00:21:00,2002,2
2903515,2023-03-21T00:03:00,133,20
2901776,2023-03-13T03:58:00,133,10
2903647,2023-02-18T15:56:00,133,20
2903750,2023-04-03T12:52:00,99,200
2903959,2022-07-07T20:21:00,2001,1
2902958,2022-07-22T12:25:00,989,100
2901842,2023-01-10T05:59:00,133,20
2902411,2023-03-26T03:35:00,2003,1
2901522,2022-10-07T05:03:00,2001,2
2903314,2023-02-16T01:33:00,133,20
2902462,2022-08-25T08:19:00,133,50
2901073,2023-01-28T15:43:00,146,25
2901661,2023-02-05T14:22:00,99,300
2902349,2023-03-12T14:39:00,989,75
2902056,2022-09-30T02:52:00,146,50
2901337,2022-08-05T22:10:00,97,200
2904076,2022-08-03T07:42:00,2003,1
2901614,2022-11-28T15:58:00,146,25
2901171,2022-10-18T09:55:00,133,30
2901668,2023-03-04T17:10:00,97,100
2903712,2022-08-26T16:46:00,133,20
2902696,2023-03-06T23:29:00,133,10
2903050,2023-02-01T02:10:00,133,10
2903003,2023-01-01T22:08:00,988,3000
2901449,2022-08-27T01:11:00,2001,1
2902683,2023-01-09T16:51:00,2001,1
2902328,2023-04-03T19:21:00,133,30
2902101,2022-10-17T20:19:00,2003,1
2903035,2022-09-10T21:47:00,1000,1
2902779,2023-03-11T04:28:00,133,60
2903518,2022-11-05T00:14:00,133,30
2902942,2023-01-07T08:50:00,1000,1
2902396,2023-01-25T10:16:00,97,100
2901953,2023-02-26T09:58:00,146,25
2901690,2022-11-12T07:10:00,99,200
2901349,2022-09-12T14:51:00,133,50
2901725,2023-03-28T04:20:00,133,20
2902131,2023-01-11T03:17:00,146,50
2904085,2023-03-23T19:24:00,146,25
2901084,2023-03-23T10:13:00,146,25
2902273,2023-03-27T06:00:00,1001,1
2903585,2023-02-27T15:05:00,99,200
2902692,2022-10-15T09:46:00,989,50
2901445,2023-01-20T00:21:00,988,4000
2901410,2022-11-14T01:31:00,133,50
2902619,2022-11-30T03:33:00,988,1000
2902225,2022-10-03T16:29:00,133,20
2902036,2022-09-09T21:46:00,2002,1
2904077,2022-10-02T18:19:00,99,200
2901226,2023-02-07T19:26:00,133,10
2901702,2023-03-11T13:30:00,146,25
2901538,2022-11-20T06:15:00,989,25
2901403,2022-11-23T06:34:00,989,50
2903488,2023-03-18T02:15:00,989,50
2902560,2023-01-27T23:33:00,2003,1
2902046,2023-01-10T13:09:00,133,20
2903029,2022-11-11T00:05:00,989,25
2902185,2022-12-02T15:45:00,2002,1
2902705,2023-03-21T13:57:00,146,50
2901608,2023-01-25T05:54:00,133,10
2901104,2023-03-28T00:18:00,989,25
2901812,2023-01-13T19:53:00,133,20
2903118,2023-02-27T14:51:00,97,100
2903541,2022-11-28T14:35:00,989,25
2902887,2023-01-04T14:01:00,988,2000
2903494,2023-01-15T05:16:00,989,25
2901255,2023-02-09T01:40:00,133,20
2902144,2022-12-17T04:12:00,988,1000
2901704,2023-03-26T22:03:00,97,200
2901699,2022-12-23T16:17:00,98,100
2903883,2023-03-26T04:57:00,133,20
2902117,2022-10-22T06:41:00,133,20
2903453,2023-02-11T23:02:00,133,20
2904047,2023-01-30T20:50:00,146,50
2902564,2023-03-15T16:11:00,133,20
2902257,2023-04-10T03:18:00,146,25
2901527,2023-03-14T06:13:00,133,30
2901684,2023-01-30T21:08:00,2003,1
2903193,2022-08-14T02:34:00,133,30
2901465,2023-04-01T16:42:00,133,20
2902067,2023-03-04T10:06:00,989,50
2901884,2022-12-01T08:11:00,989,100
2901619,2023-03-11T10:14:00,133,10
2903407,2023-03-04T02:50:00,133,30
2903878,2023-01-13T15:21:00,133,20
2902517,2022-09-25T01:10:00,146,25
2902932,2022-09-12T12:40:00,989,50
2902076,2023-03-23T10:50:00,133,10
2903579,2022-08-10T04:07:00,133,30
2902310,2022-10-23T11:19:00,146,50
2902550,2023-02-11T18:14:00,146,25
2901137,2022-12-09T00:52:00,133,40
2903899,2023-02-08T12:21:00,133,20
2902905,2022-11-06T08:03:00,133,20
2901799,2023-02-05T00:56:00,97,200
2902753,2022-08-24T05:00:00,133,30
2902995,2023-01-22T20:43:00,146,50
2902960,2022-11-21T11:52:00,146,25
2901549,2022-12-05T09:55:00,97,200
2903387,2022-12-24T21:23:00,2003,1
2904084,2023-04-02T02:43:00,146,25
2903337,2022-12-31T18:37:00,989,100
2901083,2022-12-18T06:22:00,133,30
2903651,2023-01-28T14:09:00,2001,1
2901968,2023-01-14T09:20:00,2001,2
2901722,2022-10-04T05:44:00,146,50
2902022,2023-03-21T14:20:00,133,10
2902863,2022-11-02T00:43:00,133,30
2901303,2022-11-29T22:27:00,133,30
2902835,2022-10-27T01:46:00,133,30
2901488,2023-04-11T03:52:00,146,25
2903014,2023-01-30T23:14:00,1002,1
2903816,2022-08-15T20:51:00,99,200
2901849,2023-02-04T11:35:00,133,20
2902292,2022-09-29T01:32:00,1000,1
2902620,2023-03-03T07:12:00,146,50
2901909,2023-03-11T18:35:00,133,10
2902453,2023-04-26T22:03:00,1000,2
2903317,2023-01-07T21:47:00,146,50
2901389,2022-08-08T16:43:00,133,30
2903170,2023-03-14T07:05:00,133,10
2902044,2022-11-19T14:30:00,989,100
2901024,2023-02-06T11:45:00,99,100
2903658,2023-02-02T15:26:00,133,30
2901352,2023-02-20T14:38:00,989,75
2901129,2023-04-10T05:41:00,133,30
2902566,2023-01-14T14:00:00,99,300
2901314,2023-03-23T11:58:00,1001,1
2903254,2022-08-29T11:25:00,133,30
2903869,2023-02-02T04:28:00,988,2000
2903649,2022-12-12T19:49:00,2001,1
2901621,2023-04-05T17:46:00,2001,2
2901254,2022-11-28T01:52:00,133,30
2901727,2023-03-30T18:47:00,989,100
2901808,2022-12-03T05:19:00,133,30
2902218,2023-03-14T18:19:00,97,200
2901923,2022-08-27T18:38:00,99,200
2904073,2022-10-24T02:20:00,133,20
2903218,2022-11-21T19:54:00,99,300
2902588,2023-02-22T15:15:00,146,25
2902196,2023-03-26T21:31:00,133,10
2901532,2023-04-18T23:18:00,988,1000
2901665,2022-08-25T03:06:00,1000,1
2901458,2023-03-30T23:47:00,133,10
2902579,2023-01-19T17:21:00,989,25
2901446,2023-02-08T05:20:00,989,50
2904081,2022-10-30T19:28:00,133,20
2901225,2023-03-17T19:33:00,99,300
2902442,2022-07-31T11:32:00,133,30
2902963,2022-09-10T18:15:00,99,100
2901149,2023-01-25T08:08:00,1000,1
2902097,2023-02-13T04:39:00,97,200
2901284,2022-09-02T06:32:00,133,20
2903205,2023-01-27T19:19:00,133,10
2903780,2022-10-01T08:29:00,133,30
2902332,2023-01-10T05:20:00,989,50
2903507,2023-03-11T16:27:00,133,10
2903874,2022-07-14T07:53:00,146,100
2903895,2022-09-10T01:48:00,133,20
2902816,2023-02-01T05:32:00,99,100
2903512,2022-09-18T03:51:00,99,100
2903540,2023-01-22T08:50:00,146,25
2901706,2023-03-21T13:45:00,146,25
2902575,2023-04-01T23:12:00,2001,2
2903439,2022-12-06T13:26:00,133,50
2901803,2023-03-11T21:21:00,133,30
2902124,2022-09-13T12:09:00,2001,4
2901768,2022-10-20T04:53:00,146,100
2901274,2023-01-11T15:18:00,133,10
2902749,2023-01-17T08:52:00,2001,3
2902293,2023-01-12T04:54:00,146,25
2904032,2022-12-28T04:16:00,146,25
2901938,2022-08-19T06:22:00,97,100
2901892,2022-10-22T12:15:00,146,50
2901360,2023-02-05T08:13:00,988,1000
2901058,2023-01-11T18:49:00,133,10
2903972,2022-10-19T13:57:00,989,25
2903361,2022-10-19T06:28:00,2001,3
2902337,2022-09-17T10:28:00,2003,1
2902123,2022-07-28T00:38:00,988,5000
2901286,2023-03-05T17:34:00,99,300
2903619,2022-10-03T22:11:00,97,100
2901052,2022-11-02T20:28:00,146,25
2903379,2023-01-04T21:47:00,133,20
2903760,2022-08-08T08:12:00,989,25
2902823,2022-09-30T08:46:00,133,50
2903175,2022-10-15T16:58:00,133,20
2903491,2022-11-04T01:26:00,1003,1
2901304,2023-01-05T05:09:00,989,25
2903162,2023-04-03T15:44:00,146,50
2904079,2023-04-20T20:02:00,988,3000
2903638,2022-11-19T17:20:00,133,30
2901222,2022-08-19T22:15:00,2001,4
2901450,2022-10-19T14:02:00,133,30
2901296,2022-08-17T12:01:00,99,200
2902182,2023-01-10T18:09:00,146,25
2903559,2023-02-12T04:13:00,988,2000
2901273,2023-03-16T06:04:00,133,20
2903542,2023-02-16T04:20:00,989,100
2901066,2023-04-02T12:28:00,97,500
2902527,2022-12-02T14:35:00,2003,1
2902777,2023-02-03T22:45:00,133,10
2903521,2023-04-10T06:40:00,2001,2
2903669,2023-04-01T17:42:00,133,10
2901730,2023-03-30T00:24:00,988,2000
2903671,2022-12-06T16:12:00,97,700
2903105,2023-02-09T21:58:00,146,25
2904067,2023-02-01T22:41:00,2003,1
2903854,2023-02-01T19:54:00,989,25
2902819,2023-04-13T10:08:00,133,30
2901630,2022-08-28T05:51:00,133,20
2903318,2022-12-12T11:33:00,133,30
2903653,2022-12-14T00:10:00,99,200
2902481,2023-03-08T04:39:00,99,500
2903876,2023-02-16T13:47:00,989,50
2901095,2023-01-20T00:49:00,146,25
2902653,2022-12-25T00:29:00,146,25
2902350,2023-03-27T14:26:00,2001,1
2901882,2023-01-16T06:52:00,98,200
2902972,2023-03-14T04:30:00,146,25
2901109,2023-03-05T15:09:00,146,25
2901411,2023-02-12T00:42:00,146,25
2902493,2023-03-09T19:33:00,98,300
2903321,2023-03-05T01:21:00,133,20
2901541,2023-01-11T01:56:00,989,25
2903396,2023-04-01T09:35:00,146,25
2901677,2023-01-15T07:03:00,1000,2
2901929,2022-10-10T05:53:00,989,50
2902380,2022-10-20T20:56:00,133,30
2903763,2023-04-02T07:49:00,133,10
2902256,2023-03-30T21:14:00,133,20
2902515,2023-03-14T08:29:00,99,300
2902508,2022-07-23T08:54:00,133,20
2901217,2023-02-28T07:27:00,133,10
2901898,2023-04-02T00:41:00,989,50
2901038,2022-10-12T05:24:00,133,30
2903622,2022-09-12T20:32:00,133,30
2902010,2022-07-29T11:06:00,133,30
2903677,2022-10-03T20:53:00,99,700
2903898,2023-03-20T21:28:00,146,100
2903994,2023-02-12T14:22:00,146,25
2903080,2023-01-07T23:32:00,2002,1
2903953,2023-01-16T23:00:00,989,25
2901235,2022-11-07T21:36:00,146,25
2901386,2023-03-10T05:21:00,2002,1
2903942,2023-03-13T21:29:00,133,60
2901922,2023-01-28T11:17:00,98,200
2902695,2022-08-22T07:00:00,2002,1
2903474,2022-07-21T20:20:00,2001,1
2902934,2022-09-03T09:59:00,146,25
2903679,2022-07-08T20:48:00,1003,1
2901770,2023-02-17T05:20:00,133,10
2902949,2022-09-02T02:33:00,2002,1
2901295,2022-08-28T17:32:00,133,30
2902299,2023-02-03T11:22:00,99,200
2901124,2022-10-15T20:26:00,133,30
2901545,2022-08-15T09:44:00,98,100
2901662,2022-11-12T08:14:00,133,30
2901686,2023-02-26T02:42:00,988,3000
2901164,2022-07-19T12:36:00,99,300
2901960,2022-10-13T23:21:00,98,200
2903310,2023-04-21T16:28:00,98,400
2901570,2022-10-28T02:26:00,146,75
2902340,2023-03-18T04:42:00,133,10
2903165,2023-02-11T17:22:00,2003,1
2904074,2023-01-19T16:33:00,988,1000
2903662,2023-04-12T18:22:00,133,30
2903961,2023-04-28T09:49:00,1000,2
2903508,2022-08-07T13:36:00,146,75
2901679,2023-03-03T20:44:00,146,50
2903481,2023-03-22T11:06:00,133,20
2902509,2023-04-14T17:02:00,99,200
2903104,2023-01-30T11:18:00,2001,2
2903768,2022-11-20T07:55:00,133,30
2903044,2022-09-03T23:01:00,989,50
2903033,2023-03-15T16:45:00,988,2000
2901632,2022-12-14T21:15:00,988,1000
2901625,2022-10-01T17:09:00,989,25
2901421,2023-02-21T08:20:00,146,100
2903584,2022-08-07T09:08:00,146,25
2901981,2023-04-13T18:53:00,988,1000
2903288,2023-02-05T09:39:00,133,20
2902676,2023-03-30T06:48:00,1000,2
2901359,2023-03-24T14:58:00,2001,1
2901196,2022-10-03T06:17:00,133,20
2901300,2022-10-03T19:44:00,988,2000
2902747,2022-08-16T00:43:00,133,30
2901932,2022-10-02T10:08:00,133,20
2901248,2023-01-01T16:49:00,1000,1
2903939,2022-07-23T15:55:00,2003,1
2902108,2023-03-07T07:20:00,99,300
2901026,2023-01-08T15:45:00,989,75
2901162,2023-04-08T14:49:00,97,300
2903711,2022-11-20T09:22:00,988,1000
2903386,2023-03-28T01:27:00,146,50
2902971,2022-10-08T08:30:00,146,25
2901051,2022-08-15T09:21:00,988,1000
2901880,2023-03-04T00:45:00,989,25
2902055,2022-12-22T21:32:00,146,25
2902495,2022-11-15T07:38:00,988,1000
2903797,2022-09-25,989,50
2903182,2023-03-29T01:51:00,989,100
2903556,2023-02-11T20:48:00,989,25
2902438,2022-10-07T00:35:00,97,200
2903090,2023-03-13T11:23:00,133,30
2902722,2022-11-15T15:37:00,133,20
2902388,2022-10-05T16:33:00,989,100
2903792,2023-03-31T11:59:00,98,100
2903384,2023-03-13T10:43:00,146,100
2903862,2022-09-25T14:59:00,988,1000
2902632,2022-12-04T11:59:00,146,50
2903053,2023-01-17T17:15:00,133,10
2902979,2022-09-30T05:01:00,97,400
2901432,2023-02-03T22:56:00,146,50
2901385,2023-01-14T18:05:00,2001,1
2902373,2023-03-23T03:30:00,2003,1
2903458,2022-11-21T05:43:00,99,200
2903940,2023-03-21T03:17:00,146,25
