ID User,Reg Date,Dev Type
2903806,2023-03-06,ios
2902645,2023-03-25,ios
2901610,2023-02-27,ios
2902098,2023-01-24,ios
2903151,2023-02-08,ios
2901887,2023-03-10,ios
2903368,2023-02-21,ios
2903810,2023-01-21,android
2903796,2023-02-07,ios
2902421,2023-01-09,ios
2902494,2023-03-29,android
2902799,2023-01-29,ios
2901130,2022-09-16,ios
2902605,2022-10-24,ios
2901351,2022-11-25,android
2903897,2022-11-11,ios
2901049,2022-10-03,android
2903737,2022-07-16,ios
2901134,2022-08-26,ios
2902316,2023-03-16,android
2903797,2022-09-21,android
2903097,2022-07-04,ios
2901933,2023-02-27,android
2903033,2023-03-01,android
2904054,2022-07-27,ios
2901624,2022-10-28,android
2903553,2023-03-05,ios
2902956,2022-09-17,ios
2902350,2023-03-22,ios
2902655,2023-03-14,android
2901651,2022-09-26,android
2901733,2023-01-09,android
2903489,2023-03-24,ios
2903226,2023-03-25,android
2902210,2023-03-23,ios
2901446,2023-01-18,android
2903195,2023-02-21,android
2902066,2023-03-08,android
2903591,2023-02-28,ios
2903117,2023-01-13,android
2902148,2023-01-02,ios
2902089,2022-12-05,ios
2901621,2023-03-11,ios
2902611,2022-10-15,ios
2901362,2023-02-20,ios
2901111,2023-03-22,ios
2901406,2022-10-20,android
2903383,2022-08-05,ios
2901648,2022-08-22,ios
2903319,2023-01-15,android
2903230,2022-08-12,ios
2902720,2023-03-03,android
2902174,2022-12-09,android
2902160,2023-03-19,android
2903826,2022-11-10,ios
2902968,2022-11-26,ios
2902563,2023-01-25,ios
2903520,2022-10-31,android
2903783,2023-03-15,ios
2901654,2023-03-04,android
2903794,2023-03-27,ios
2903267,2023-03-22,android
2902733,2022-08-04,ios
2903705,2023-02-11,android
2901319,2023-02-22,ios
2901114,2023-01-10,ios
2901311,2022-09-19,ios
2902552,2022-10-19,ios
2903624,2023-03-19,android
2903935,2022-09-11,ios
2901743,2022-12-23,android
2903798,2023-03-24,ios
2902970,2023-01-25,ios
2903441,2022-08-15,android
2902771,2023-03-15,android
2901089,2022-12-25,android
2903402,2023-02-13,android
2901929,2022-10-03,android
2903673,2023-02-25,android
2902878,2022-11-29,ios
2901500,2023-03-15,android
2904084,2023-03-22,android
2902518,2023-03-02,ios
2902168,2023-03-16,ios
2903599,2023-03-11,android
2901934,2023-03-21,ios
2902457,2022-12-21,ios
2902076,2023-03-18,android
2902711,2022-10-27,ios
2901255,2023-01-24,ios
2903771,2022-11-16,android
2903576,2022-10-31,android
2902216,2023-02-21,ios
2901302,2022-09-14,ios
2902096,2023-02-26,ios
2903253,2022-10-20,ios
2902019,2022-11-15,android
2902543,2023-02-28,ios
2903124,2022-09-02,ios
2901997,2022-09-27,android
2901614,2022-11-05,android
2903908,2023-01-24,ios
2901320,2023-01-31,ios
2903634,2022-10-25,android
2903598,2022-11-24,android
2902675,2023-02-22,ios
2903983,2023-01-22,ios
2902377,2023-01-26,android
2902107,2022-12-05,ios
2903697,2023-01-13,ios
2903113,2022-10-27,android
2901097,2023-02-26,ios
2903748,2023-01-29,android
2902857,2023-02-07,android
2903244,2023-01-11,ios
2903559,2023-02-06,ios
2902976,2023-01-02,android
2902664,2022-11-09,android
2901961,2023-02-14,android
2901537,2023-01-07,ios
2902126,2022-10-29,ios
2901657,2023-01-09,android
2903453,2023-01-18,ios
2903671,2022-11-27,ios
2901661,2023-01-13,ios
2903239,2022-10-10,ios
2903377,2022-08-27,ios
2901904,2023-03-30,ios
2901262,2022-11-12,ios
2902105,2022-10-30,ios
2901100,2023-03-12,android
2902187,2022-09-09,ios
2901920,2022-10-27,ios
2902913,2022-10-01,android
2902250,2023-02-26,ios
2903532,2023-02-22,android
2901212,2022-07-22,android
2902371,2023-02-24,android
2902694,2022-07-25,android
2903022,2022-08-12,ios
2902479,2022-11-26,android
2902141,2023-02-17,ios
2903968,2022-09-05,ios
2901836,2022-12-21,ios
2903812,2023-03-16,ios
2901802,2023-02-23,ios
2902501,2023-03-12,android
2902333,2023-01-13,ios
2901849,2023-01-13,ios
2903337,2022-12-20,android
2901285,2023-02-26,android
2904019,2022-12-10,android
2901906,2022-07-14,ios
2901076,2023-02-25,android
2902690,2022-09-04,ios
2901407,2022-10-23,android
2901983,2023-03-19,android
2901312,2023-03-20,android
2903193,2022-08-01,ios
2901674,2023-03-11,android
2903637,2022-10-13,ios
2904047,2023-01-24,android
2903156,2023-03-19,android
2902869,2023-03-16,ios
2903443,2023-03-01,android
2901059,2022-07-18,ios
2902269,2023-03-13,ios
2902224,2023-01-16,android
2903712,2022-08-20,ios
2901247,2022-11-12,ios
2902235,2022-11-14,ios
2902197,2022-12-08,android
2902254,2022-12-21,ios
2901350,2022-12-20,ios
2901858,2023-03-03,ios
2903919,2022-07-07,ios
2902134,2023-03-04,ios
2901831,2022-07-30,ios
2902779,2023-03-04,android
2902925,2022-11-29,android
2903171,2023-03-02,android
2903874,2022-07-13,android
2901125,2022-12-09,ios
2903951,2023-03-05,ios
2901293,2023-03-07,ios
2901152,2023-02-21,ios
2902228,2023-01-02,android
2902834,2023-03-20,android
2902056,2022-09-26,android
2901880,2023-02-23,ios
2901856,2023-03-15,ios
2901485,2022-11-26,ios
2903999,2022-09-05,ios
2902357,2023-03-28,android
2903056,2023-03-11,ios
2902914,2022-09-28,ios
2902122,2022-11-30,ios
2901313,2022-11-06,ios
2901882,2023-01-13,ios
2902731,2022-11-24,ios
2903987,2022-09-15,ios
2902678,2023-01-24,ios
2902920,2022-08-08,android
2902506,2023-01-04,android
2903015,2023-01-30,android
2902029,2022-12-14,ios
2904071,2022-10-28,android
2901947,2023-03-15,ios
2902743,2023-03-19,ios
2902944,2023-03-04,android
2901784,2023-03-17,android
2902292,2022-09-10,ios
2903519,2023-03-13,ios
2901938,2022-08-15,ios
2903348,2022-07-04,android
2903572,2023-03-19,ios
2903743,2022-08-16,android
2903657,2023-03-05,ios
2901871,2022-08-27,ios
2901314,2023-03-21,android
2902474,2022-07-28,android
2901153,2022-09-21,android
2901175,2023-03-16,ios
2903801,2023-03-16,ios
2901673,2023-02-06,ios
2903439,2022-11-26,ios
2901340,2022-12-15,android
2902055,2022-11-04,ios
2903481,2023-03-09,ios
2904016,2022-08-23,android
2902804,2022-08-01,ios
2903452,2023-03-13,ios
2901291,2023-02-07,android
2901308,2023-03-01,ios
2901238,2022-07-08,ios
2901877,2023-03-26,ios
2902766,2022-08-03,android
2901389,2022-07-20,ios
2902962,2023-01-10,ios
2903217,2023-02-07,ios
2902367,2023-01-11,android
2902285,2022-11-27,android
2902183,2022-09-24,android
2902344,2022-12-03,android
2901945,2023-01-26,ios
2902004,2022-12-14,android
2901129,2023-03-24,android
2903287,2022-11-03,ios
2901043,2023-02-19,ios
2901410,2022-10-19,ios
2901177,2022-07-25,android
2903041,2023-02-13,android
2901082,2023-02-20,ios
2902282,2022-10-28,ios
2903641,2022-12-29,ios
2903954,2023-03-26,ios
2902125,2022-08-30,android
2903832,2023-02-28,android
2901667,2023-02-20,android
2903555,2023-01-07,ios
2901659,2023-01-02,android
2901482,2023-03-07,android
2902001,2023-03-19,ios
2902980,2022-07-14,ios
2902223,2023-03-20,android
2901167,2022-10-26,ios
2901461,2022-09-14,ios
2903973,2022-09-22,ios
2901131,2022-11-05,ios
2901695,2022-11-21,android
2903084,2023-03-08,ios
2902084,2022-09-10,ios
2901697,2023-01-15,ios
2901477,2022-09-24,ios
2902994,2023-01-02,android
2903700,2022-11-12,android
2902178,2022-08-08,android
2903994,2023-01-27,android
2903833,2022-10-21,android
2901409,2023-01-09,android
2903501,2023-03-26,ios
2901620,2022-11-18,ios
2903564,2023-02-26,android
2901903,2022-07-24,android
2901322,2023-02-16,ios
2903265,2022-07-31,ios
2902138,2022-11-02,ios
2902100,2023-02-20,ios
2902335,2023-02-20,android
2902031,2022-09-10,android
2902317,2022-11-17,ios
2903323,2023-03-20,ios
2901942,2022-08-02,ios
2902585,2022-07-15,android
2903541,2022-11-08,ios
2901699,2022-12-17,ios
2903054,2023-03-01,ios
2903775,2022-09-24,ios
2901371,2023-02-15,ios
2902476,2022-12-16,ios
2902710,2023-02-12,android
2904012,2023-02-16,ios
2901366,2022-07-01,ios
2902473,2023-02-13,ios
2901032,2023-02-22,android
2901544,2023-02-08,ios
2902077,2023-03-17,ios
2902097,2023-01-19,android
2902119,2022-11-14,ios
2902581,2022-10-02,ios
2903850,2023-03-14,android
2903862,2022-09-21,ios
2901937,2023-03-02,android
2903293,2022-09-16,android
2903104,2023-01-09,android
2903083,2023-01-09,ios
2903709,2022-10-18,android
2901756,2022-11-20,android
2902041,2022-11-04,ios
2902207,2022-12-02,ios
2903788,2022-11-06,android
2903822,2022-11-21,ios
2902360,2022-10-24,android
2901922,2023-01-25,ios
2902024,2023-01-01,ios
2901597,2023-03-21,ios
2902143,2022-09-16,android
2901326,2022-07-27,android
2902575,2023-03-20,ios
2902696,2023-02-24,ios
2903278,2022-07-03,ios
2902291,2023-03-25,android
2903831,2023-03-24,ios
2901259,2022-12-31,ios
2901902,2022-08-23,android
2901484,2022-07-24,ios
2902090,2023-03-09,android
2901215,2022-12-18,ios
2902722,2022-10-19,ios
2903660,2023-01-09,ios
2902442,2022-07-10,android
2902463,2022-10-28,ios
2903374,2022-08-10,android
2902307,2023-02-18,ios
2901796,2022-07-09,android
2902573,2022-11-01,ios
2902208,2023-01-15,android
2902319,2023-03-09,android
2901193,2023-01-02,ios
2902465,2023-02-10,ios
2901730,2023-03-19,android
2901548,2023-03-20,android
2904064,2023-03-24,ios
2903964,2023-03-04,android
2901196,2022-09-29,ios
2901092,2022-11-13,ios
2901324,2022-12-19,ios
2902311,2022-12-03,android
2903689,2023-02-14,android
2903830,2022-10-06,android
2901200,2023-03-30,android
2903662,2023-03-22,android
2902521,2023-03-25,ios
2902151,2023-03-24,android
2902816,2023-01-30,ios
2902219,2022-09-03,ios
2901036,2022-10-16,ios
2903349,2022-07-31,ios
2903272,2022-11-21,ios
2901852,2023-03-06,android
2902975,2022-07-20,ios
2903809,2022-12-01,android
2903316,2023-03-30,android
2901258,2023-02-01,ios
2901080,2023-03-06,ios
2901962,2022-12-07,ios
2902401,2022-11-17,ios
2902464,2022-12-25,ios
2901279,2023-02-27,ios
2902926,2023-01-23,ios
2902666,2023-02-19,ios
2901085,2023-01-08,android
2901826,2022-07-30,android
2901509,2022-08-03,ios
2902450,2022-07-16,ios
2901460,2023-01-28,ios
2901219,2022-07-17,android
2902843,2022-09-07,ios
2901759,2023-03-07,android
2901960,2022-10-12,android
2903684,2022-12-31,ios
2903444,2022-10-11,ios
2903476,2022-10-28,ios
2903416,2023-02-22,android
2902644,2023-03-28,ios
2901473,2023-03-16,ios
2902265,2023-02-20,ios
2903227,2022-09-24,ios
2903886,2023-02-18,android
2904063,2022-10-16,ios
2903588,2023-03-21,ios
2901244,2023-01-15,android
2901688,2023-03-12,ios
2901693,2023-03-29,ios
2902629,2023-02-16,android
2903818,2023-03-28,ios
2903060,2022-12-07,android
2901171,2022-10-12,android
2903260,2023-01-02,ios
2902006,2023-03-01,ios
2903965,2022-07-28,android
2901399,2023-03-13,ios
2901564,2023-02-10,android
2902013,2022-08-29,android
2903276,2023-03-29,ios
2902544,2023-02-22,ios
2903114,2023-02-21,ios
2902864,2022-12-11,ios
2903707,2023-02-03,android
2902171,2023-03-05,android
2901213,2023-03-15,ios
2902688,2023-03-30,ios
2901842,2023-01-06,android
2902259,2022-10-05,android
2903650,2023-01-16,android
2901709,2022-11-07,ios
2903397,2022-12-27,android
2902365,2022-09-15,ios
2902815,2022-09-25,android
2901427,2023-02-18,ios
2903765,2022-11-10,android
2904003,2023-03-04,ios
2901754,2022-07-07,android
2903312,2022-07-08,ios
2902960,2022-10-27,ios
2901077,2023-01-03,android
2902017,2023-02-03,ios
2901392,2023-03-07,ios
2903335,2023-01-19,ios
2901656,2023-02-11,ios
2901433,2022-08-02,ios
2902721,2022-11-28,ios
2903949,2023-02-25,ios
2902318,2023-03-08,ios
2903929,2023-03-07,ios
2903950,2022-07-04,android
2903451,2023-03-28,ios
2901625,2022-09-29,ios
2901133,2022-09-07,android
2902176,2023-01-03,ios
2903993,2022-10-02,android
2903537,2022-12-14,android
2904041,2022-11-14,ios
2901919,2023-01-01,android
2903389,2023-03-14,ios
2902631,2022-12-13,android
2903449,2022-09-17,ios
2903956,2023-01-22,ios
2902621,2022-12-31,ios
2901675,2023-02-27,ios
2901101,2022-10-21,android
2903465,2022-07-12,ios
2903299,2023-02-27,ios
2901166,2022-09-06,ios
2902772,2022-11-29,ios
2902274,2023-03-16,android
2901398,2023-03-08,android
2902797,2022-08-01,android
2903734,2022-09-06,android
2901386,2023-03-07,ios
2901534,2023-02-26,android
2902602,2023-01-03,ios
2902814,2023-02-15,ios
2901275,2023-03-14,ios
2901050,2023-03-07,ios
2902289,2023-02-28,ios
2903116,2022-12-09,android
2902562,2023-01-05,android
2901891,2023-02-27,ios
2902988,2022-11-13,ios
2902996,2022-08-31,ios
2901708,2022-12-22,android
2901249,2022-07-19,android
2902979,2022-09-01,ios
2901790,2023-03-12,ios
2903795,2022-07-08,ios
2902211,2022-12-07,ios
2902241,2023-03-30,android
2902286,2023-02-28,ios
2903807,2023-01-11,ios
2903026,2022-07-04,ios
2901634,2022-09-14,ios
2902436,2022-12-22,android
2902324,2022-12-26,ios
2901721,2023-03-15,android
2901307,2022-12-21,android
2901504,2022-10-07,ios
2901702,2023-02-20,ios
2901295,2022-08-14,ios
2904076,2022-07-23,android
2902447,2022-10-25,android
2902293,2022-12-26,ios
2903663,2022-11-14,android
2903558,2023-02-26,ios
2901180,2023-01-01,ios
2901985,2022-09-20,ios
2902220,2023-01-29,android
2902418,2022-07-15,ios
2901546,2022-12-16,android
2902848,2023-02-10,android
2903595,2023-03-02,ios
2904036,2022-12-06,android
2901691,2022-08-20,android
2901361,2023-01-30,ios
2901769,2023-03-02,android
2902624,2022-09-05,ios
2902707,2023-02-10,android
2902983,2022-07-04,ios
2901738,2022-08-26,ios
2903655,2022-11-05,android
2901142,2023-02-08,ios
2903903,2023-03-25,android
2901117,2022-12-04,ios
2903197,2023-01-02,ios
2902939,2023-03-25,android
2903724,2022-09-04,ios
2903130,2023-03-25,android
2901438,2022-10-20,android
2902824,2022-12-25,android
2902909,2023-01-14,android
2903201,2023-03-10,ios
2901736,2022-12-22,ios
2904052,2023-01-10,android
2901331,2022-12-09,android
2903735,2022-12-09,android
2903343,2023-03-08,android
2902894,2022-09-01,ios
2901454,2022-11-18,ios
2902870,2023-02-22,ios
2902278,2023-03-17,ios
2903311,2022-07-05,ios
2904072,2023-02-12,ios
2902641,2023-02-04,ios
2902876,2022-09-13,android
2901253,2022-12-03,ios
2903856,2022-10-10,android
2901779,2023-01-24,ios
2903322,2022-07-31,ios
2901422,2022-12-23,ios
2901048,2023-03-09,android
2902091,2023-03-11,android
2903011,2022-10-29,ios
2901278,2022-08-04,ios
2902532,2023-01-11,ios
2901897,2022-08-15,ios
2901105,2022-10-14,ios
2903166,2023-02-21,ios
2902296,2023-01-15,ios
2902035,2023-01-08,ios
2901816,2023-03-11,android
2901031,2022-12-23,ios
2901229,2022-09-06,android
2903428,2023-02-26,ios
2902468,2022-08-27,android
2903708,2023-02-28,ios
2902072,2023-02-09,android
2902539,2022-08-25,ios
2901599,2022-10-26,ios
2903394,2023-03-07,ios
2903681,2022-07-22,android
2902440,2023-02-27,ios
2902586,2023-02-13,ios
2901909,2023-02-13,ios
2902947,2022-12-04,android
2901269,2023-02-16,android
2903858,2023-01-25,android
2902384,2022-09-07,ios
2901261,2023-01-05,ios
2903242,2022-08-30,ios
2903105,2023-01-17,android
2903710,2023-03-17,ios
2902373,2023-02-24,ios
2902642,2023-02-14,ios
2903404,2023-03-22,ios
2903456,2022-09-08,ios
2903473,2022-09-22,ios
2902603,2022-07-18,ios
2904074,2023-01-13,ios
2902032,2022-07-22,android
2902674,2023-03-13,ios
2904048,2022-08-19,ios
2901224,2023-01-30,ios
2904078,2022-07-21,android
2903338,2022-10-12,ios
2902163,2023-02-21,ios
2902810,2022-08-08,android
2902414,2022-08-28,android
2903789,2023-02-20,android
2902118,2022-12-20,ios
2903248,2022-10-18,ios
2901593,2023-02-08,android
2902395,2023-03-14,ios
2901271,2023-03-02,ios
2901540,2022-12-08,android
2903362,2023-03-24,ios
2901064,2023-03-10,ios
2901988,2023-03-18,ios
2902276,2022-08-01,ios
2903118,2023-02-10,ios
2903304,2022-11-27,ios
2903540,2023-01-07,ios
2901161,2023-01-07,android
2903027,2022-07-25,android
2901883,2022-12-26,ios
2903677,2022-09-06,android
2902164,2023-02-26,ios
2903656,2023-03-24,android
2903546,2022-12-21,android
2902679,2022-07-17,ios
2904028,2023-02-10,ios
2902381,2022-10-18,android
2904011,2023-03-01,android
2902302,2023-03-10,ios
2901862,2023-02-27,android
2903785,2022-10-21,android
2903562,2022-08-23,android
2902227,2023-02-12,android
2901155,2023-03-24,ios
2902965,2022-07-09,android
2903321,2023-02-18,android
2901619,2023-03-10,ios
2901896,2022-09-21,android
2902040,2023-03-04,ios
2902121,2023-03-04,ios
2901640,2023-01-17,ios
2901127,2022-07-29,ios
2902167,2022-09-18,ios
2902353,2023-03-03,ios
2901250,2023-02-05,android
2904010,2023-03-06,ios
2902647,2022-12-10,ios
2901999,2022-08-20,android
2901208,2023-01-23,ios
2903502,2022-08-22,android
2901809,2022-10-10,ios
2902918,2022-09-19,android
2902109,2023-03-22,android
2902067,2023-02-14,ios
2902820,2023-03-21,ios
2903430,2022-09-05,android
2902999,2022-08-16,ios
2903296,2023-01-19,android
2903371,2023-01-31,android
2901405,2023-03-08,android
2902069,2023-03-14,android
2902445,2022-08-13,android
2901955,2022-10-20,android
2902739,2022-10-05,ios
2903043,2023-03-14,ios
2903094,2022-11-08,ios
2901185,2023-01-21,ios
2902560,2023-01-09,ios
2901014,2023-03-11,ios
2903398,2022-10-01,android
2903325,2023-03-23,android
2902080,2022-10-01,ios
2903231,2023-03-14,android
2902332,2022-12-26,ios
2903283,2023-03-10,ios
2903902,2022-09-01,ios
2901132,2023-03-08,android
2902036,2022-09-07,android
2903865,2023-03-29,ios
2901374,2023-02-11,android
2902046,2023-01-04,ios
2903483,2022-08-07,android
2902103,2022-12-12,ios
2902698,2022-12-07,ios
2902449,2022-11-08,ios
2901687,2023-01-11,ios
2901107,2022-08-02,ios
2903029,2022-10-18,android
2903320,2022-08-05,android
2901888,2023-03-02,ios
2901579,2022-11-22,ios
2901072,2023-01-09,android
2904004,2022-10-25,ios
2901511,2022-09-11,android
2901913,2022-10-08,ios
2902795,2023-03-12,ios
2901203,2023-01-03,ios
2904005,2023-03-21,ios
2901159,2023-02-24,ios
2901233,2022-11-30,ios
2901216,2022-08-01,android
2903875,2023-02-28,android
2901729,2022-07-10,ios
2901918,2023-03-18,android
2902728,2023-01-20,ios
2903887,2022-09-04,ios
2901251,2023-02-26,ios
2902836,2023-03-29,android
2903388,2023-01-12,ios
2902410,2023-03-05,android
2902204,2022-10-06,ios
2901113,2023-02-01,android
2901995,2023-02-01,ios
2902505,2022-10-20,android
2902327,2023-03-27,ios
2903059,2023-01-12,android
2902927,2022-07-02,ios
2902433,2022-09-29,android
2903524,2023-03-27,ios
2901385,2022-12-23,ios
2902546,2023-03-29,ios
2901976,2023-03-16,android
2903665,2022-09-14,android
2903447,2022-07-24,ios
2902966,2022-10-31,ios
2902846,2022-07-25,ios
2903985,2023-03-07,ios
2903646,2023-02-28,android
2902993,2022-11-03,ios
2903952,2023-01-27,android
2903024,2023-03-26,android
2903048,2023-03-01,ios
2903144,2023-03-20,android
2903892,2023-03-10,ios
2902937,2023-03-27,android
2903122,2023-01-26,ios
2902392,2022-09-20,android
2901846,2023-01-20,ios
2902237,2022-07-05,ios
2902945,2022-12-14,android
2903211,2023-03-17,ios
2902724,2023-03-11,android
2901494,2023-02-02,ios
2901241,2023-01-09,android
2902000,2023-03-01,android
2902847,2023-03-06,ios
2901958,2022-09-26,ios
2901822,2023-01-01,ios
2901726,2022-07-26,ios
2904085,2023-03-14,ios
2901813,2023-03-11,android
2903823,2023-03-25,ios
2902663,2022-11-12,android
2902536,2023-02-15,ios
2901601,2023-03-14,ios
2901020,2022-12-28,android
2901694,2022-07-13,ios
2904049,2022-10-08,ios
2902329,2023-01-12,ios
2902242,2022-11-22,android
2901971,2022-09-01,android
2903181,2023-03-09,ios
2901144,2022-07-17,ios
2901471,2022-09-12,ios
2901263,2023-01-27,android
2903313,2023-03-23,ios
2902971,2022-10-07,ios
2903331,2022-08-07,android
2902101,2022-10-02,ios
2901235,2022-10-07,ios
2903932,2023-02-20,android
2902424,2022-10-08,ios
2901140,2022-10-25,ios
2903933,2023-03-14,ios
2902123,2022-07-21,ios
2902705,2023-03-07,ios
2903431,2022-09-23,ios
2903513,2023-02-18,android
2901220,2023-02-04,ios
2903574,2023-01-12,ios
2901234,2022-07-18,ios
2904053,2022-10-02,android
2902972,2023-03-12,ios
2902657,2023-03-01,android
2902778,2023-03-04,ios
2903725,2023-03-13,ios
2903720,2023-02-21,android
2901149,2023-01-18,ios
2903045,2022-10-16,ios
2902340,2023-03-04,ios
2903749,2022-08-11,ios
2903841,2022-08-16,ios
2901426,2023-03-22,ios
2901179,2023-03-02,ios
2903284,2022-07-10,android
2901972,2022-07-06,ios
2902762,2023-02-20,android
2902361,2023-03-06,ios
2903415,2023-01-15,android
2903006,2022-10-03,android
2903814,2022-07-27,ios
2904025,2023-01-06,ios
2902714,2022-10-16,android
2902352,2022-12-28,android
2901941,2022-12-18,android
2901325,2022-12-31,ios
2903915,2023-02-20,ios
2901469,2022-07-10,android
2903328,2023-01-06,ios
2902928,2023-01-14,android
2901527,2023-02-17,android
2902964,2023-03-19,android
2903426,2023-02-14,android
2902359,2022-10-01,ios
2901463,2023-03-06,ios
2902594,2022-12-07,ios
2903454,2023-02-25,ios
2903044,2022-08-12,ios
2903289,2022-12-08,ios
2902425,2023-01-24,ios
2903163,2023-03-14,android
2901814,2023-03-18,ios
2902193,2022-07-31,ios
2902737,2022-07-31,ios
2902653,2022-12-01,android
2902173,2022-11-25,android
2902919,2023-03-22,ios
2901231,2022-09-15,ios
2903747,2023-01-20,android
2902283,2022-12-28,ios
2903103,2023-01-16,ios
2902231,2023-01-03,ios
2902492,2022-12-02,ios
2902300,2023-03-21,ios
2903820,2023-03-22,ios
2901571,2023-03-12,ios
2901400,2022-09-12,android
2903247,2023-03-11,ios
2901943,2022-09-19,ios
2903758,2023-02-28,ios
2902802,2022-11-18,ios
2903571,2022-10-20,ios
2901894,2023-03-28,ios
2902113,2022-07-20,android
2902865,2022-12-25,ios
2903678,2022-08-21,android
2902608,2023-03-01,android
2902588,2023-02-07,ios
2903845,2023-02-24,ios
2904038,2023-03-11,android
2901430,2022-10-13,ios
2903474,2022-07-02,android
2902484,2022-09-14,android
2903384,2023-02-24,ios
2903763,2023-03-12,android
2902290,2022-08-16,ios
2901188,2022-07-25,ios
2903565,2023-01-12,ios
2901099,2022-09-05,ios
2901617,2022-08-12,ios
2902201,2023-03-19,android
2901493,2023-02-28,android
2904058,2023-02-09,ios
2901056,2022-12-27,android
2901930,2022-11-23,android
2904060,2023-03-03,ios
2904022,2022-07-06,ios
2903692,2023-03-14,android
2903851,2022-10-01,ios
2902461,2022-08-13,ios
2902243,2023-03-12,ios
2901173,2022-12-07,ios
2903888,2023-02-27,ios
2902402,2022-12-09,android
2902764,2022-09-12,ios
2901681,2023-03-26,ios
2902226,2023-02-08,ios
2903051,2022-12-26,android
2902124,2022-09-02,ios
2901927,2023-02-19,android
2901087,2022-11-07,ios
2902009,2022-11-12,ios
2902142,2022-10-07,ios
2903918,2023-03-02,ios
2902186,2023-03-28,android
2901543,2022-11-25,ios
2901575,2022-09-15,android
2903617,2022-07-02,android
2901647,2023-01-16,ios
2902895,2022-08-26,ios
2902854,2022-08-16,android
2901126,2023-03-07,android
2903619,2022-09-29,ios
2902275,2022-11-20,ios
2903140,2022-12-31,ios
2901522,2022-09-27,ios
2903294,2023-03-09,android
2901865,2022-12-15,ios
2901245,2023-01-10,ios
2902708,2023-03-10,ios
2903751,2023-01-07,android
2904000,2022-07-17,android
2901556,2023-02-24,android
2903728,2023-03-27,ios
2903189,2022-12-08,ios
2902247,2022-09-04,ios
2901705,2022-11-13,ios
2901952,2023-02-03,ios
2901380,2023-02-18,ios
2903413,2023-01-10,android
2901301,2023-02-12,ios
2904083,2023-03-17,ios
2902858,2022-10-29,ios
2901239,2023-03-27,ios
2902777,2023-01-09,android
2903219,2023-01-18,ios
2902619,2022-11-26,ios
2902348,2023-03-01,ios
2903647,2023-01-24,ios
2901243,2023-01-07,android
2901596,2023-01-01,ios
2902120,2022-08-02,android
2902478,2022-09-22,android
2901791,2023-02-06,ios
2903303,2022-07-24,ios
2901415,2022-08-08,android
2903675,2023-01-10,android
2901547,2023-03-28,android
2902577,2023-03-22,android
2903167,2023-02-14,ios
2903863,2022-12-11,ios
2901187,2022-11-25,ios
2901070,2023-01-26,ios
2902488,2023-02-27,ios
2901183,2022-11-25,ios
2903563,2023-02-06,ios
2903927,2023-01-13,android
2902557,2023-03-04,android
2901181,2023-01-11,ios
2902750,2022-07-29,ios
2902561,2023-03-30,ios
2902597,2023-02-02,ios
2901893,2022-09-17,android
2901766,2023-03-25,ios
2901646,2022-07-18,android
2903020,2022-10-28,ios
2901062,2023-01-03,android
2901638,2022-11-15,android
2904015,2022-08-17,ios
2903450,2022-10-14,android
2901128,2023-01-29,ios
2904081,2022-10-28,android
2901875,2022-11-25,ios
2903752,2022-10-12,android
2902812,2023-03-07,android
2903002,2022-07-24,ios
2902136,2022-08-06,ios
2902875,2023-03-04,android
2903071,2022-10-01,ios
2902879,2022-10-31,ios
2902612,2023-03-17,android
2903472,2023-01-24,ios
2903317,2022-12-25,android
2902272,2023-02-22,ios
2904080,2023-01-19,android
2901355,2022-09-05,ios
2903102,2022-10-12,ios
2901052,2022-10-28,ios
2902192,2023-03-03,ios
2902636,2022-08-09,ios
2902765,2023-02-16,android
2903714,2023-03-27,ios
2902411,2023-03-09,android
2901728,2023-03-05,android
2902150,2023-02-20,ios
2902491,2023-01-05,android
2903246,2023-02-24,ios
2902527,2022-11-09,ios
2903538,2023-02-03,ios
2903539,2023-03-27,ios
2903128,2022-09-14,android
2902627,2022-09-02,ios
2901607,2022-11-28,ios
2903648,2023-03-24,android
2902054,2022-12-24,ios
2902571,2023-03-30,ios
2901038,2022-09-05,android
2902509,2023-03-28,ios
2902893,2023-03-19,ios
2903970,2022-09-18,ios
2902022,2023-02-26,ios
2902152,2022-07-31,ios
2902528,2023-02-20,ios
2903764,2023-03-23,ios
2903095,2022-10-27,ios
2903594,2023-03-12,ios
2902404,2023-02-15,ios
2902998,2022-08-23,ios
2902832,2022-08-25,ios
2901924,2023-03-08,ios
2901957,2022-07-27,android
2902073,2023-03-25,android
2903986,2022-08-09,android
2902388,2022-09-19,android
2902074,2023-02-21,android
2903032,2022-12-04,android
2903699,2022-08-22,ios
2903327,2022-12-17,ios
2903145,2023-01-02,ios
2903821,2022-12-16,android
2902830,2022-11-07,android
2903186,2022-08-31,ios
2902273,2023-03-19,android
2903899,2023-01-12,ios
2903112,2022-07-06,ios
2903053,2022-12-29,android
2901276,2023-02-22,android
2902003,2022-07-23,ios
2902989,2023-03-17,ios
2901712,2022-08-29,android
2903344,2023-03-15,android
2903777,2023-02-21,ios
2902709,2022-08-30,ios
2902301,2023-02-27,ios
2902833,2023-01-23,ios
2902826,2022-09-29,ios
2901562,2023-02-09,android
2903800,2023-03-27,ios
2901456,2022-11-09,ios
2901812,2023-01-09,ios
2903091,2022-10-01,ios
2901086,2022-08-23,android
2903420,2023-01-26,android
2901515,2023-01-12,ios
2901692,2023-02-25,ios
2901403,2022-11-19,android
2902574,2022-08-31,ios
2903221,2023-02-23,android
2903523,2022-10-15,android
2902400,2023-03-18,android
2903173,2023-01-28,android
2904021,2023-03-14,ios
2903941,2023-03-29,android
2901935,2022-10-20,ios
2901338,2023-03-27,android
2903010,2022-11-30,ios
2901475,2022-07-20,ios
2901553,2023-02-08,ios
2901195,2023-03-08,android
2903119,2022-07-03,ios
2902039,2022-12-19,ios
2903611,2022-11-12,ios
2902218,2023-02-21,android
2902969,2023-03-11,ios
2901615,2022-12-05,android
2903458,2022-10-22,ios
2901915,2023-03-11,android
2901488,2023-03-20,ios
2902773,2023-02-23,android
2901300,2022-09-24,ios
2902637,2023-01-05,ios
2903155,2022-07-06,ios
2901329,2023-01-26,android
2903930,2022-10-18,android
2903580,2022-08-26,ios
2903628,2022-09-16,android
2902368,2023-03-21,ios
2901817,2023-03-02,android
2901760,2023-02-15,ios
2902398,2022-12-25,ios
2903642,2022-08-05,android
2901713,2023-03-30,android
2901025,2022-12-22,ios
2903204,2023-02-20,ios
2903507,2023-03-02,android
2902050,2023-03-06,ios
2903567,2022-11-22,android
2903767,2023-01-23,ios
2901376,2022-10-14,ios
2903792,2023-03-11,ios
2901886,2023-02-24,android
2902295,2023-02-02,ios
2902083,2023-02-05,android
2901418,2022-09-19,ios
2901832,2022-12-29,android
2903905,2022-10-27,android
2901786,2023-03-19,ios
2901277,2023-01-06,android
2903318,2022-12-10,ios
2902952,2023-01-11,ios
2903200,2022-12-01,ios
2901342,2023-03-10,android
2903150,2022-09-23,ios
2903549,2022-07-22,ios
2903018,2022-11-17,android
2901098,2023-03-18,android
2903218,2022-10-27,android
2902791,2022-09-16,ios
2903958,2022-12-13,android
2903780,2022-09-16,android
2901163,2022-08-14,android
2903998,2023-03-21,ios
2902990,2023-01-13,android
2902842,2022-09-23,ios
2903945,2023-02-05,ios
2901944,2022-10-03,ios
2903282,2022-12-15,android
2903208,2023-01-11,ios
2903432,2022-11-22,ios
2901256,2023-03-23,ios
2902034,2022-07-12,ios
2902175,2022-10-21,ios
2903162,2023-03-10,ios
2901169,2023-03-14,ios
2902747,2022-07-30,ios
2901592,2023-02-22,ios
2902613,2023-03-09,android
2901963,2022-08-19,android
2903464,2022-11-29,ios
2902662,2022-11-15,ios
2903357,2022-07-28,ios
2903544,2022-11-04,ios
2902835,2022-10-21,android
2903768,2022-11-07,ios
2903393,2023-02-21,android
2903706,2022-07-08,android
2901981,2023-03-22,android
2901518,2022-10-14,android
2902900,2023-01-03,android
2902356,2022-07-27,android
2901768,2022-09-25,ios
2901327,2022-08-31,android
2903290,2022-12-19,android
2903514,2023-01-31,android
2902950,2023-01-23,android
2904037,2022-09-13,ios
2903715,2023-03-05,ios
2902325,2022-12-24,ios
2903463,2022-07-27,ios
2903077,2023-02-19,android
2901030,2022-07-22,android
2902470,2023-03-15,android
2903742,2023-02-07,ios
2903527,2022-08-20,android
2901476,2023-01-31,ios
2903938,2023-03-29,ios
2902315,2023-01-24,ios
2901706,2023-03-12,android
2902599,2022-10-12,android
2902244,2022-09-02,android
2901671,2022-09-07,android
2902007,2022-11-18,android
2901750,2022-10-25,ios
2901724,2022-10-15,android
2901021,2023-02-22,android
2903828,2022-08-03,ios
2901317,2023-01-07,android
2902312,2023-01-10,android
2903711,2022-11-03,ios
2901065,2022-07-01,android
2903688,2023-02-17,ios
2903842,2023-03-29,android
2901267,2023-03-03,ios
2901775,2022-12-17,android
2902568,2022-07-30,ios
2902245,2022-12-20,android
2902768,2023-03-27,ios
2903367,2022-11-15,ios
2902686,2022-09-15,ios
2901969,2023-03-12,ios
2901908,2023-01-30,android
2903232,2022-10-13,ios
2903849,2022-10-14,android
2902347,2022-09-12,ios
2901723,2022-07-22,ios
2903210,2023-01-11,android
2901352,2023-02-03,ios
2903300,2022-12-31,ios
2903034,2022-09-09,ios
2901801,2022-08-21,android
2902117,2022-09-27,ios
2901889,2023-01-26,android
2903075,2023-02-18,ios
2903123,2023-02-02,android
2901818,2023-01-23,android
2903234,2022-09-12,android
2902827,2022-09-22,ios
2901655,2022-10-24,ios
2903391,2023-03-19,android
2901680,2022-12-08,ios
2902131,2023-01-09,ios
2901288,2022-09-29,android
2902839,2023-03-06,ios
2901676,2022-11-14,ios
2902179,2023-03-17,android
2901478,2023-03-24,android
2901550,2022-10-13,android
2903621,2023-02-22,ios
2901265,2023-03-11,ios
2904007,2023-03-12,android
2902866,2022-07-04,android
2903225,2022-08-08,ios
2902047,2022-10-24,ios
2903229,2023-03-15,ios
2902717,2023-01-18,android
2901701,2023-03-14,android
2903500,2022-11-01,ios
2902196,2023-03-11,android
2903575,2023-03-18,ios
2902706,2022-11-16,android
2901639,2023-03-18,ios
2902538,2022-10-06,android
2903209,2023-03-21,ios
2903003,2022-12-20,ios
2901375,2023-03-10,android
2901335,2023-03-20,android
2903635,2023-03-27,android
2902375,2023-01-15,ios
2903158,2023-03-15,ios
2901150,2023-03-11,android
2901806,2022-12-10,ios
2902548,2023-03-15,ios
2903477,2022-08-19,ios
2902982,2023-02-04,ios
2902915,2022-07-04,android
2902397,2023-02-01,ios
2902896,2023-03-12,android
2902062,2023-03-08,ios
2904077,2022-09-20,android
2901309,2022-12-19,android
2903854,2023-01-30,ios
2901577,2023-03-08,ios
2903508,2022-07-23,android
2901182,2022-08-08,android
2901668,2023-02-25,android
2903399,2022-08-17,ios
2901618,2023-01-31,ios
2901951,2023-02-22,ios
2902748,2023-03-21,ios
2902025,2022-08-20,android
2903645,2023-03-23,android
2901108,2023-01-05,android
2902060,2023-03-10,ios
2902840,2023-02-09,ios
2903871,2023-03-29,ios
2904086,2023-02-10,android
2902287,2023-03-13,android
2901765,2023-01-03,android
2902213,2023-01-20,ios
2901281,2023-01-05,ios
2902923,2023-01-06,ios
2901514,2023-03-09,ios
2901336,2022-09-28,ios
2903701,2023-02-19,android
2903582,2022-09-08,android
2902670,2023-02-26,android
2904030,2023-01-05,android
2901464,2023-02-23,android
2902868,2022-12-04,ios
2901996,2023-02-23,android
2902419,2022-11-06,android
2902661,2022-11-16,ios
2902370,2022-07-12,ios
2901439,2023-02-11,ios
2903643,2023-03-23,ios
2901479,2022-12-05,ios
2902580,2022-12-03,ios
2903609,2022-10-30,ios
2901989,2023-02-20,ios
2901431,2022-12-20,android
2902314,2023-02-15,android
2903909,2022-11-03,android
2904057,2023-01-14,android
2901792,2022-12-17,android
2901419,2022-11-13,ios
2903779,2023-02-18,android
2901274,2022-12-24,ios
2903364,2023-02-27,ios
2902753,2022-08-22,android
2901917,2023-02-17,android
2902153,2023-01-02,android
2903608,2023-01-28,android
2903063,2023-03-25,android
2901789,2022-12-24,ios
2903109,2022-10-24,ios
2903288,2023-02-02,ios
2903126,2023-03-29,android
2903615,2022-11-03,android
2902323,2022-07-26,android
2901859,2023-01-11,android
2902650,2022-09-18,android
2903805,2023-01-18,ios
2903756,2022-07-28,android
2902726,2023-01-10,ios
2902984,2022-07-18,ios
2902786,2022-10-21,ios
2903931,2022-07-22,ios
2901483,2023-03-06,android
2903860,2022-07-04,ios
2903664,2023-03-14,ios
2901631,2023-01-23,ios
2902742,2022-11-19,android
2903147,2023-02-20,ios
2904043,2022-11-30,ios
2903685,2022-07-03,ios
2902699,2022-11-13,ios
2901417,2023-03-22,ios
2903957,2023-01-03,ios
2901081,2022-12-02,android
2903414,2022-08-30,android
2901751,2023-03-04,android
2902676,2023-03-16,ios
2902202,2023-03-17,android
2903125,2022-09-17,android
2902974,2023-02-26,ios
2904009,2023-01-05,ios
2901096,2022-07-25,ios
2902681,2022-10-30,ios
2902379,2022-12-01,android
2902021,2022-09-10,ios
2901147,2022-10-04,android
2902042,2022-07-19,ios
2901633,2023-03-11,android
2903178,2023-02-24,ios
2903629,2023-01-31,android
2902169,2022-07-08,ios
2903766,2023-01-03,android
2903078,2023-01-05,android
2903627,2023-01-10,android
2901660,2022-10-29,ios
2902807,2023-03-08,ios
2903600,2023-01-26,android
2901435,2022-12-18,android
2903607,2022-10-12,ios
2901584,2022-08-27,ios
2903358,2023-03-14,android
2901323,2022-08-08,ios
2901840,2022-11-18,ios
2902943,2023-02-04,ios
2902271,2023-02-11,ios
2902537,2023-01-24,android
2901825,2022-09-15,android
2902018,2022-11-27,ios
2901586,2022-12-22,android
2901516,2023-02-09,ios
2901466,2022-12-07,android
2901017,2022-11-07,ios
2903691,2022-08-14,android
2902330,2022-11-11,ios
2901700,2023-03-17,ios
2904002,2022-08-28,android
2903025,2022-09-10,ios
2903222,2022-12-28,android
2902230,2022-08-05,android
2901742,2022-08-23,ios
2902008,2022-10-30,ios
2903602,2023-02-02,android
2903268,2023-03-12,ios
2903460,2023-03-25,android
2902374,2022-07-13,ios
2902861,2022-07-14,ios
2903739,2023-03-22,ios
2903946,2023-02-25,ios
2901788,2022-09-16,ios
2901626,2022-11-16,android
2903495,2022-07-18,android
2901013,2022-07-13,ios
2901379,2023-03-12,ios
2902408,2022-10-12,ios
2903969,2022-12-31,ios
2901874,2023-01-23,ios
2903653,2022-11-16,ios
2901591,2022-11-22,android
2901549,2022-11-11,ios
2901829,2022-09-26,ios
2902086,2022-07-15,android
2902487,2022-07-28,ios
2903470,2023-01-16,ios
2901879,2022-10-19,android
2901333,2023-01-30,ios
2901536,2022-08-25,ios
2902486,2023-03-01,ios
2902310,2022-10-22,android
2901094,2023-02-03,ios
2902363,2022-07-17,android
2903185,2022-07-31,ios
2901725,2023-03-13,ios
2903184,2022-09-03,ios
2902358,2022-08-28,android
2901495,2023-02-03,android
2901242,2022-09-07,ios
2902383,2022-07-17,ios
2902977,2022-12-01,ios
2901124,2022-09-28,android
2901663,2022-12-30,ios
2902165,2023-01-10,ios
2903070,2022-07-08,ios
2903859,2023-03-27,ios
2903257,2022-11-24,android
2904040,2023-01-03,ios
2901698,2022-07-23,ios
2903421,2023-01-16,ios
2901574,2022-12-18,ios
2902170,2022-08-05,android
2904065,2023-03-27,android
2902264,2023-01-24,ios
2902349,2023-02-17,ios
2901186,2023-03-22,ios
2902284,2022-10-31,ios
2901731,2022-09-30,ios
2903179,2022-09-24,android
2903543,2022-11-22,android
2902618,2022-09-21,ios
2903418,2023-03-23,android
2901815,2022-07-03,ios
2903068,2022-07-26,android
2903570,2023-03-21,android
2903997,2023-01-02,ios
2902443,2023-02-23,ios
2901388,2022-11-07,ios
2903843,2023-03-13,android
2903164,2023-01-23,ios
2904031,2023-02-13,ios
2901643,2023-03-29,android
2902427,2023-03-18,ios
2902099,2022-11-07,android
2903654,2022-10-20,ios
2903750,2023-03-10,ios
2901058,2022-12-29,android
2901993,2023-01-17,ios
2903686,2022-09-30,android
2903693,2022-11-06,ios
2901236,2022-07-21,ios
2902781,2023-02-04,ios
2901057,2023-01-26,ios
2902689,2023-03-17,ios
2901604,2023-01-17,ios
2903666,2023-01-25,android
2901717,2023-02-26,android
2901095,2023-01-12,ios
2902256,2023-03-25,ios
2903745,2023-03-12,android
2903088,2022-08-15,ios
2902549,2022-09-10,android
2903494,2022-12-29,android
2902321,2022-09-15,ios
2903251,2022-07-25,android
2903727,2023-03-21,ios
2901465,2023-03-07,ios
2903467,2022-10-10,ios
2901202,2022-08-12,ios
2902078,2022-10-28,android
2902788,2023-02-05,ios
2903009,2022-09-01,android
2901722,2022-10-01,ios
2902992,2022-08-03,ios
2902454,2023-03-18,ios
2902578,2023-03-22,ios
2902623,2022-10-13,android
2903485,2022-11-23,android
2902140,2023-03-04,ios
2901499,2022-08-04,android
2901956,2023-01-25,ios
2901978,2023-01-10,android
2901029,2023-03-02,android
2903261,2022-08-13,android
2901084,2023-03-11,ios
2903182,2023-03-22,android
2902617,2023-02-16,ios
2901767,2023-02-16,ios
2903651,2023-01-17,ios
2901803,2023-02-20,android
2901872,2023-01-08,android
2903808,2023-01-21,ios
2902986,2023-01-28,ios
2902932,2022-09-05,ios
2903799,2023-02-11,ios
2902555,2023-02-15,ios
2902715,2022-12-26,ios
2903713,2022-11-11,ios
2904050,2022-07-08,android
2901158,2022-09-30,ios
2901221,2022-09-18,android
2903586,2022-07-26,ios
2901535,2022-07-12,android
2901690,2022-11-03,ios
2903168,2022-10-04,android
2902615,2022-12-19,ios
2903013,2023-03-19,ios
2903966,2022-08-21,ios
2902671,2022-08-11,ios
2903893,2023-02-02,ios
2903934,2022-11-07,android
2902064,2023-01-29,ios
2901911,2022-12-20,ios
2902038,2022-09-02,ios
2901559,2023-02-08,ios
2902695,2022-08-18,ios
2903746,2023-01-25,android
2903412,2022-08-29,ios
2902973,2023-01-30,ios
2902391,2023-02-07,ios
2903922,2022-10-03,android
2902738,2022-07-07,ios
2903440,2023-03-08,ios
2903072,2023-02-23,android
2903552,2022-11-14,android
2901990,2022-07-18,android
2901228,2023-03-10,android
2902416,2022-11-08,ios
2904026,2022-10-15,ios
2903281,2022-08-19,android
2903107,2023-02-11,ios
2902248,2023-02-12,android
2902665,2023-03-03,ios
2903959,2022-07-04,ios
2901900,2023-01-20,ios
2903486,2023-02-20,android
2903172,2022-07-31,ios
2903170,2023-03-13,ios
2902889,2023-03-16,android
2903333,2023-03-15,android
2901165,2022-08-23,ios
2902094,2022-08-02,ios
2902703,2023-03-15,ios
2903638,2022-11-01,android
2903587,2023-01-24,ios
2901940,2022-09-05,ios
2903668,2022-07-28,ios
2902811,2023-01-25,android
2903157,2023-01-17,ios
2903723,2022-10-25,android
2902336,2023-02-06,android
2902880,2022-10-22,android
2901090,2022-07-09,ios
2901110,2023-03-30,ios
2903962,2023-02-17,ios
2903867,2023-03-04,ios
2901053,2023-03-23,android
2901921,2022-07-04,ios
2902727,2022-07-06,ios
2901998,2022-10-19,android
2903834,2022-09-01,ios
2901869,2023-02-22,ios
2901684,2023-01-28,ios
2901492,2022-10-14,android
2902961,2023-02-23,android
2901498,2022-07-12,ios
2903827,2023-03-06,ios
2902172,2023-02-28,android
2904024,2022-07-19,ios
2903180,2023-03-14,ios
2902343,2022-07-23,android
2902564,2023-03-07,android
2903974,2022-08-06,ios
2902161,2022-11-10,android
2901303,2022-11-24,android
2901735,2022-12-10,android
2901974,2022-10-24,android
2901060,2022-11-20,ios
2902110,2023-03-05,ios
2901170,2023-03-09,ios
2902229,2023-03-20,ios
2903098,2022-11-06,android
2902399,2023-01-12,android
2902553,2022-09-02,ios
2903658,2023-01-30,ios
2902016,2022-09-03,ios
2902420,2023-03-20,ios
2902949,2022-09-01,ios
2901369,2022-09-17,android
2902754,2022-07-21,ios
2903504,2023-03-21,ios
2901521,2023-03-30,android
2902200,2022-11-06,ios
2903625,2023-03-05,android
2902188,2022-12-01,ios
2903616,2023-03-14,ios
2901054,2022-10-12,ios
2903115,2022-08-18,ios
2902079,2022-08-11,android
2903554,2023-01-21,ios
2903716,2023-01-01,android
2901480,2022-11-08,ios
2901923,2022-08-02,android
2901683,2022-07-06,ios
2901408,2023-03-20,ios
2901441,2022-11-06,ios
2903813,2022-08-16,ios
2901966,2023-03-18,ios
2901531,2023-02-26,android
2903062,2023-03-25,ios
2901467,2022-12-10,android
2902385,2022-07-03,ios
2903459,2023-03-23,ios
2902570,2023-02-06,ios
2902790,2023-03-03,ios
2901714,2023-03-27,ios
2902938,2022-07-28,ios
2902692,2022-10-13,android
2904032,2022-11-17,android
2902912,2022-08-11,ios
2901804,2022-10-05,ios
2901845,2023-03-12,ios
2901205,2023-01-19,ios
2902181,2022-12-02,android
2903306,2023-01-04,ios
2902423,2023-03-13,ios
2904033,2022-10-17,ios
2902589,2023-02-23,ios
2901773,2022-07-13,ios
2903984,2022-12-10,ios
2901595,2022-12-04,android
2903277,2022-11-04,android
2902798,2022-11-13,ios
2904067,2023-01-20,ios
2901306,2023-03-17,android
2903924,2022-10-17,android
2902217,2022-09-08,android
2902891,2023-01-26,android
2903266,2022-07-01,android
2902740,2023-02-20,ios
2901121,2023-01-17,ios
2902851,2023-02-06,ios
2903883,2023-03-14,ios
2902534,2022-10-11,ios
2902780,2022-08-13,android
2903332,2023-02-03,android
2903061,2023-01-05,android
2903092,2022-09-04,ios
2901503,2022-11-03,ios
2901761,2023-03-19,android
2903214,2023-02-13,android
2901848,2022-10-31,ios
2902306,2022-11-24,ios
2903976,2023-02-23,android
2903497,2022-08-04,ios
2901428,2022-10-27,android
2903515,2023-02-27,ios
2903667,2022-10-20,android
2901027,2023-01-28,ios
2902033,2023-03-14,ios
2902660,2023-02-25,ios
2903547,2023-03-24,android
2901141,2023-03-26,ios
2903273,2022-10-04,ios
2901071,2022-09-02,android
2902026,2022-08-08,android
2901024,2023-02-04,ios
2901184,2023-02-07,android
2902342,2022-09-12,ios
2903423,2023-03-17,android
2901204,2023-02-19,ios
2901294,2023-02-28,ios
2902713,2023-01-19,android
2901035,2022-11-12,android
2902199,2023-01-07,android
2902403,2022-09-27,ios
2901156,2022-08-21,ios
2902268,2023-03-02,android
2902567,2023-03-01,ios
2901348,2022-10-23,ios
2903890,2022-08-29,ios
2903310,2023-03-28,android
2902899,2023-03-19,ios
2902817,2022-09-13,ios
2902625,2023-01-12,android
2901359,2023-03-13,ios
2901878,2022-08-29,ios
2903160,2022-11-23,android
2903023,2023-02-19,android
2901206,2022-10-16,ios
2901833,2022-11-11,ios
2901310,2023-01-22,ios
2901443,2023-02-22,ios
2902499,2022-09-24,android
2901382,2023-03-19,ios
2902194,2022-08-28,android
2903947,2023-03-04,android
2902298,2022-11-14,android
2902146,2023-01-24,ios
2901570,2022-10-24,ios
2902260,2022-10-15,ios
2901391,2023-02-01,ios
2902446,2023-03-09,ios
2903372,2022-09-14,android
2903148,2022-07-19,ios
2904014,2022-09-27,ios
2901387,2023-02-20,ios
2903014,2022-12-27,ios
2903640,2023-02-11,ios
2901885,2023-03-13,ios
2902460,2023-02-24,ios
2901980,2022-10-11,android
2901055,2023-02-16,ios
2903462,2022-07-05,android
2902758,2022-08-04,android
2901016,2022-09-11,android
2902958,2022-07-08,android
2903080,2023-01-04,android
2901341,2022-09-05,ios
2903132,2023-02-07,ios
2903755,2022-12-09,ios
2901015,2023-03-14,ios
2903605,2023-02-01,ios
2901740,2022-08-31,ios
2902782,2023-01-18,ios
2903446,2022-09-18,ios
2902508,2022-07-17,android
2903729,2023-02-26,android
2901421,2023-02-20,ios
2902437,2023-01-23,android
2901520,2023-03-23,ios
2903644,2022-11-06,ios
2901914,2023-03-29,ios
2903910,2023-01-03,ios
2901459,2023-03-28,android
2901834,2023-03-05,ios
2901555,2022-07-18,android
2901481,2023-03-23,ios
2902380,2022-10-15,ios
2902417,2022-07-23,android
2901381,2023-02-20,ios
2902369,2022-11-26,android
2901835,2022-07-23,ios
2902246,2023-01-12,android
2903196,2023-02-13,android
2903334,2023-02-01,ios
2903340,2022-09-10,android
2903361,2022-10-01,android
2901727,2023-03-25,android
2901662,2022-10-23,android
2903007,2022-08-25,ios
2902718,2022-07-25,ios
2901718,2022-08-20,android
2901685,2022-11-15,ios
2901747,2022-07-15,android
2903079,2022-09-29,ios
2901837,2023-01-30,ios
2902407,2023-03-22,ios
2904075,2022-12-29,android
2901218,2022-08-25,android
2903191,2023-03-11,android
2901588,2022-10-01,ios
2901558,2022-08-13,ios
2901226,2023-02-02,ios
2902872,2022-07-31,android
2903008,2023-01-28,ios
2902862,2022-11-18,android
2903478,2023-02-21,ios
2903659,2023-03-11,ios
2902516,2022-12-16,ios
2903773,2022-11-02,android
2901854,2022-09-13,ios
2902712,2023-03-01,android
2901512,2023-03-25,android
2902656,2022-07-19,ios
2902112,2022-12-27,ios
2902794,2022-09-19,ios
2902556,2023-02-01,ios
2903889,2023-02-02,android
2901843,2023-03-27,ios
2902732,2023-02-15,ios
2903991,2023-02-04,ios
2903694,2023-02-11,android
2901299,2022-09-18,ios
2903669,2023-03-27,android
2901115,2022-10-27,ios
2901650,2023-01-18,android
2902135,2022-10-12,ios
2902680,2023-01-14,android
2901627,2023-02-09,ios
2903385,2022-11-29,ios
2901287,2023-02-21,ios
2903674,2023-02-05,ios
2902638,2022-12-27,android
2901566,2022-08-16,ios
2902787,2022-10-01,ios
2903434,2022-09-18,ios
2901711,2022-07-07,ios
2902412,2023-03-04,ios
2902261,2023-02-23,ios
2904070,2023-03-11,android
2903906,2022-08-14,ios
2901440,2022-09-01,android
2903921,2023-03-19,ios
2902139,2022-07-16,ios
2901970,2023-02-10,ios
2902922,2023-03-05,android
2903236,2022-08-23,ios
2901528,2022-11-20,ios
2902255,2022-09-05,ios
2902209,2023-02-01,ios
2902800,2022-08-16,android
2902845,2023-02-11,ios
2902225,2022-09-15,ios
2903028,2022-10-26,ios
2901585,2023-01-02,android
2901538,2022-10-27,android
2903074,2023-01-27,ios
2901458,2023-03-07,ios
2902924,2023-02-17,ios
2903031,2023-02-26,ios
2903448,2022-11-20,android
2903631,2022-08-10,android
2901992,2022-11-03,ios
2902769,2023-01-27,ios
2901959,2022-10-19,android
2902535,2023-02-28,ios
2903861,2023-03-15,ios
2902057,2022-07-16,ios
2903622,2022-08-12,ios
2902704,2022-07-07,ios
2902776,2022-08-01,android
2901116,2023-03-12,ios
2901390,2022-12-25,ios
2902859,2022-09-21,ios
2901257,2023-01-30,ios
2901783,2022-09-17,android
2902337,2022-09-15,android
2903038,2023-02-24,ios
2903911,2023-03-03,ios
2903869,2023-01-27,ios
2901542,2023-03-07,android
2902277,2023-02-20,android
2901954,2023-01-14,android
2902438,2022-09-10,ios
2902525,2023-03-03,ios
2903353,2022-08-20,ios
2903468,2022-10-01,ios
2902345,2023-01-19,ios
2902805,2023-01-01,android
2902095,2022-07-08,android
2901280,2023-03-05,ios
2902458,2022-12-11,android
2901916,2022-11-18,ios
2903259,2023-01-16,ios
2903491,2022-10-11,android
2903604,2022-11-19,ios
2903129,2022-08-30,ios
2902053,2023-01-25,android
2903291,2022-11-12,ios
2901164,2022-07-08,android
2903035,2022-09-06,ios
2901103,2022-10-25,ios
2902953,2023-01-17,android
2902129,2022-10-25,android
2902132,2023-03-27,android
2902547,2023-03-14,android
2903620,2023-03-19,android
2902184,2022-08-23,ios
2902774,2022-08-20,android
2901757,2022-10-17,ios
2903047,2023-03-23,ios
2902015,2022-08-09,android
2903853,2023-01-01,ios
2901850,2022-07-29,ios
2903326,2023-01-07,android
2901437,2022-12-20,ios
2903366,2023-03-05,ios
2903192,2023-03-10,android
2902490,2022-12-20,android
2901635,2023-03-02,ios
2902489,2022-08-29,ios
2903759,2023-03-11,ios
2901578,2023-01-05,ios
2903979,2023-03-02,ios
2903490,2022-12-30,ios
2902784,2023-03-24,android
2902159,2023-01-27,ios
2901210,2023-02-26,ios
2903341,2023-03-07,ios
2901977,2023-03-25,ios
2902610,2022-11-29,ios
2902037,2023-03-11,android
2902519,2023-02-17,ios
2903220,2023-01-23,ios
2903250,2023-01-29,android
2902809,2023-01-31,ios
2902911,2023-03-22,ios
2903791,2023-01-27,android
2902550,2023-02-07,android
2902898,2023-01-30,android
2903894,2022-09-05,android
2902559,2023-01-05,ios
2903878,2023-01-08,ios
2903786,2022-11-30,ios
2901541,2022-12-31,ios
2903816,2022-08-10,ios
2901447,2022-09-30,ios
2901091,2023-01-07,ios
2902376,2023-03-26,ios
2902757,2023-02-05,ios
2901629,2022-12-09,ios
2903271,2022-11-07,ios
2902432,2023-03-26,android
2903429,2022-12-26,ios
2903583,2023-01-22,ios
2901339,2022-07-04,ios
2902467,2022-07-27,ios
2902607,2022-10-23,ios
2901337,2022-07-30,android
2903561,2023-01-28,ios
2902691,2023-02-21,ios
2903379,2022-12-16,ios
2902917,2022-11-09,android
2902767,2022-09-13,ios
2903920,2022-11-02,ios
2902818,2023-01-06,ios
2901936,2023-02-23,ios
2901078,2022-11-15,ios
2902182,2022-12-25,ios
2903215,2023-01-05,android
2902929,2022-08-10,ios
2901372,2023-02-26,android
2902910,2023-03-07,android
2903360,2022-11-07,android
2902294,2022-09-22,android
2902730,2022-07-22,ios
2902554,2022-11-04,android
2901137,2022-11-01,ios
2902215,2023-03-11,ios
2903680,2022-11-13,android
2901148,2023-01-07,android
2903560,2022-10-01,android
2902127,2022-08-23,ios
2901364,2022-12-03,ios
2901737,2022-12-29,android
2903387,2022-12-03,android
2901343,2023-03-25,ios
2902659,2023-01-28,ios
2901658,2022-07-06,android
2901910,2023-03-10,ios
2901811,2023-03-04,android
2903626,2022-12-03,ios
2904006,2022-10-16,android
2903961,2023-03-30,ios
2902253,2023-02-20,android
2903127,2022-08-20,android
2902137,2023-03-21,ios
2903944,2023-02-27,ios
2903740,2022-12-28,ios
2902849,2022-08-26,android
2903499,2022-08-18,ios
2902867,2022-07-15,ios
2901602,2022-12-31,android
2903730,2022-09-17,android
2903623,2022-07-19,ios
2902652,2022-11-30,android
2901490,2023-03-30,ios
2904062,2022-12-30,ios
2903212,2022-12-16,ios
2902030,2023-01-04,ios
2903760,2022-07-28,ios
2903928,2023-03-22,android
2902558,2022-09-20,ios
2902191,2022-10-25,android
2902452,2022-08-11,ios
2902763,2022-09-08,android
2903243,2023-01-16,ios
2901572,2022-10-17,ios
2901984,2022-07-31,ios
2902941,2023-03-01,ios
2902614,2023-03-26,android
2901061,2023-02-27,ios
2902759,2022-07-04,ios
2902493,2023-02-16,ios
2903971,2022-08-16,android
2901973,2022-10-23,ios
2901616,2023-03-18,ios
2901501,2023-02-02,ios
2902963,2022-08-14,android
2903940,2023-03-07,ios
2902930,2022-10-18,android
2902954,2022-07-11,android
2903676,2022-09-03,ios
2902115,2022-08-13,android
2902326,2022-11-11,ios
2902901,2023-01-11,ios
2901857,2022-10-29,ios
2902212,2022-08-23,android
2902189,2022-12-03,android
2902725,2023-01-22,android
2901644,2022-07-09,ios
2902045,2023-03-22,android
2902951,2023-02-09,ios
2901573,2023-03-01,ios
2903613,2022-12-10,android
2902734,2023-03-06,android
2903835,2023-03-05,ios
2901416,2022-07-02,ios
2901762,2022-09-28,ios
2903069,2023-03-18,ios
2902386,2022-11-23,ios
2902308,2022-11-05,ios
2903165,2023-02-09,android
2901805,2022-12-18,android
2903401,2022-10-03,ios
2901508,2022-09-13,android
2901524,2023-02-21,ios
2902921,2023-03-25,ios
2902258,2022-12-10,android
2902005,2022-11-20,ios
2903618,2022-11-18,ios
2901192,2023-03-08,android
2901715,2022-07-16,android
2902514,2023-02-20,ios
2902063,2023-03-18,ios
2902249,2023-03-29,ios
2901881,2023-03-17,ios
2903914,2023-02-23,ios
2902729,2022-07-16,ios
2903301,2023-03-14,ios
2901720,2022-09-25,ios
2901925,2023-03-21,ios
2903395,2022-08-20,android
2901770,2023-02-05,android
2902081,2022-12-01,ios
2901283,2022-09-12,ios
2901286,2023-02-20,ios
2902435,2023-03-23,android
2902987,2022-08-16,android
2903254,2022-08-21,android
2901045,2023-02-15,ios
2903111,2022-11-13,android
2902482,2022-08-08,ios
2902387,2023-03-05,ios
2902684,2022-11-09,ios
2903978,2023-03-24,ios
2901551,2022-11-17,ios
2901771,2022-12-24,android
2901217,2023-02-25,ios
2901776,2023-03-07,ios
2901519,2022-07-07,android
2903717,2022-08-23,android
2903355,2022-12-29,ios
2902028,2023-01-12,ios
2902576,2023-03-08,android
2903370,2023-02-23,android
2903258,2022-09-13,ios
2903245,2022-07-30,ios
2901510,2023-02-10,android
2902503,2022-07-20,android
2903811,2022-12-02,android
2903049,2022-11-13,ios
2901034,2022-08-02,ios
2903535,2022-11-04,android
2903868,2022-07-09,android
2903917,2022-10-29,ios
2903518,2022-10-24,ios
2902232,2023-01-01,ios
2901026,2022-12-31,ios
2903100,2022-10-12,android
2901292,2023-01-29,ios
2902693,2022-07-02,ios
2903603,2023-03-09,ios
2903690,2023-01-04,ios
2901653,2022-07-23,ios
2903517,2023-01-17,android
2901330,2023-02-23,android
2901830,2023-02-13,ios
2901289,2022-08-18,ios
2902716,2022-09-06,ios
2903438,2022-12-31,android
2901864,2023-03-01,android
2901412,2023-02-20,android
2901093,2023-01-31,android
2903240,2022-10-04,ios
2903963,2023-01-03,ios
2904087,2023-03-26,ios
2901068,2023-02-16,ios
2901532,2023-03-29,ios
2901268,2023-03-17,android
2903042,2023-03-27,android
2903012,2023-03-15,ios
2902622,2023-01-01,ios
2903907,2023-02-04,ios
2902288,2022-12-19,ios
2901487,2023-02-22,ios
2902783,2023-03-11,android
2902841,2023-03-12,android
2903279,2023-03-15,ios
2903880,2023-02-02,ios
2901491,2023-03-25,android
2903585,2023-02-20,ios
2902789,2023-03-15,ios
2903542,2023-01-30,android
2901119,2022-11-26,android
2902646,2023-02-22,android
2903019,2023-03-12,ios
2901931,2023-03-27,android
2901051,2022-08-10,ios
2903815,2023-02-26,android
2902504,2022-07-11,ios
2903339,2022-10-05,ios
2901214,2022-07-16,ios
2902931,2023-02-11,android
2901370,2023-03-22,android
2902906,2022-09-07,ios
2902429,2023-03-15,ios
2901899,2023-02-01,ios
2903953,2023-01-06,ios
2902128,2023-03-18,ios
2901240,2023-03-16,ios
2903410,2023-03-29,ios
2901211,2022-11-21,android
2902262,2023-02-04,ios
2903936,2023-02-26,android
2902933,2022-10-12,ios
2903803,2022-07-01,ios
2903436,2023-03-18,ios
2902085,2023-01-09,ios
2901316,2023-01-05,ios
2902948,2023-01-26,ios
2902583,2023-02-25,android
2902697,2023-03-18,android
2902466,2023-03-08,android
2902566,2023-01-07,android
2901539,2022-12-09,ios
2903224,2022-10-03,android
2902529,2023-03-01,ios
2903989,2023-02-19,ios
2902517,2022-09-22,android
2902027,2022-09-16,android
2903687,2023-02-02,ios
2901666,2022-09-13,ios
2903223,2022-09-16,ios
2903718,2022-12-27,android
2903330,2023-03-26,android
2903000,2022-11-12,android
2901583,2023-03-25,ios
2901079,2022-10-19,ios
2903457,2023-02-21,android
2903769,2023-01-17,ios
2903138,2022-10-21,android
2903703,2023-01-02,android
2903528,2022-10-16,ios
2903302,2022-07-18,android
2902887,2022-12-27,android
2903308,2022-11-01,ios
2902572,2022-09-11,ios
2901986,2023-03-02,android
2901611,2022-11-24,android
2902198,2022-07-27,ios
2902883,2023-02-16,android
2903606,2023-02-25,android
2901023,2022-07-11,ios
2901207,2023-02-04,android
2903205,2023-01-13,ios
2902087,2022-12-19,android
2903174,2022-07-14,android
2902808,2022-08-20,ios
2903066,2023-03-14,ios
2903516,2022-10-01,android
2901901,2023-02-24,ios
2903881,2023-03-10,ios
2902792,2023-01-21,android
2901868,2023-01-02,ios
2902884,2022-10-24,ios
2901824,2022-12-12,ios
2902600,2023-03-23,ios
2902154,2023-01-18,ios
2901157,2023-01-14,ios
2901581,2022-11-21,ios
2901118,2023-03-30,ios
2901808,2022-11-15,ios
2901739,2023-02-27,ios
2901044,2022-11-26,ios
2903900,2023-03-21,android
2901755,2023-02-21,android
2902523,2023-01-25,ios
2901732,2022-09-04,ios
2901413,2023-03-09,ios
2901298,2022-07-16,ios
2902882,2023-01-05,ios
2901652,2023-03-18,android
2904061,2023-01-05,ios
2903262,2023-01-16,android
2902821,2022-11-06,ios
2903206,2022-10-20,android
2903090,2023-03-09,ios
2903782,2023-02-26,ios
2902540,2023-03-05,ios
2901489,2022-08-09,android
2903407,2023-02-08,ios
2902515,2023-03-10,android
2903241,2022-12-01,ios
2902819,2023-03-27,android
2902682,2022-11-04,ios
2901075,2022-07-17,ios
2902058,2023-02-22,android
2902413,2022-12-11,ios
2901174,2022-09-26,android
2903424,2023-01-06,ios
2903314,2023-01-20,ios
2902997,2022-07-02,android
2903882,2023-03-08,ios
2903670,2023-01-29,android
2902102,2022-09-17,ios
2901496,2022-11-07,ios
2901066,2023-03-17,ios
2903754,2023-02-28,ios
2903055,2022-12-29,ios
2902902,2023-01-19,android
2901523,2022-09-15,android
2902639,2023-03-19,android
2901669,2022-07-25,android
2902860,2022-08-16,ios
2903804,2023-03-29,ios
2901178,2022-12-01,android
2902068,2023-03-20,ios
2902297,2023-02-13,android
2901774,2023-02-10,ios
2901083,2022-12-03,android
2901895,2022-07-12,android
2903836,2022-11-01,android
2903263,2023-01-20,ios
2902702,2022-12-31,ios
2902469,2022-08-04,android
2901530,2022-09-03,android
2902111,2022-09-13,android
2902014,2023-02-25,ios
2902881,2023-02-24,android
2901838,2022-07-17,ios
2902746,2023-03-17,android
2901452,2022-12-13,ios
2901039,2023-01-02,ios
2902222,2023-03-08,ios
2903143,2022-10-11,ios
2901795,2023-02-27,android
2902252,2023-01-29,ios
2901470,2022-12-31,ios
2902672,2022-07-10,ios
2903744,2022-11-11,ios
2903409,2022-10-01,ios
2901457,2022-12-19,ios
2901434,2023-03-08,ios
2903630,2023-03-15,ios
2901613,2022-11-05,ios
2901201,2022-07-16,ios
2903354,2022-09-30,ios
2901533,2022-10-21,ios
2901102,2023-02-19,android
2902299,2023-02-01,ios
2902481,2023-02-26,ios
2902502,2022-10-25,android
2903351,2022-10-19,ios
2902334,2023-01-23,android
2903683,2022-07-25,ios
2903235,2023-01-19,ios
2901432,2023-01-08,ios
2902936,2023-01-29,android
2903652,2022-08-05,ios
2901949,2022-08-08,ios
2901569,2022-08-12,android
2901450,2022-10-08,ios
2902587,2022-08-23,ios
2902885,2022-12-26,ios
2902233,2023-02-07,ios
2902405,2022-07-22,android
2902428,2023-02-17,android
2903396,2023-03-28,ios
2903493,2022-11-16,ios
2901296,2022-07-21,android
2901782,2022-11-09,android
2902850,2023-02-08,android
2904023,2023-03-12,ios
2903925,2022-12-19,ios
2902331,2023-02-20,android
2901637,2023-01-23,ios
2902935,2023-01-17,ios
2903471,2022-09-10,android
2903977,2022-11-03,ios
2904013,2023-03-27,ios
2901505,2022-10-13,ios
2902346,2022-11-06,ios
2902145,2022-10-10,android
2903365,2022-08-13,ios
2901670,2023-03-09,ios
2903347,2022-07-30,ios
2901778,2023-02-13,ios
2901741,2023-01-04,ios
2903021,2022-12-07,ios
2903757,2022-08-08,ios
2901594,2022-12-18,ios
2903475,2022-07-08,ios
2901468,2022-09-24,ios
2903099,2022-08-06,ios
2903417,2023-01-17,android
2901122,2023-02-11,android
2902049,2023-03-06,ios
2901176,2023-03-05,ios
2903108,2023-01-08,ios
2903569,2023-03-02,ios
2901444,2022-10-09,android
2901781,2023-03-30,android
2901136,2023-01-04,android
2902065,2023-01-14,ios
2902822,2022-11-07,android
2902658,2022-11-27,ios
2903551,2022-12-15,ios
2901554,2022-10-10,ios
2902942,2023-01-03,ios
2904079,2023-03-25,ios
2902180,2022-10-31,ios
2903884,2022-12-26,android
2903199,2022-10-18,ios
2903057,2022-12-31,ios
2902059,2023-02-28,android
2903142,2022-08-11,ios
2903188,2023-02-13,ios
2903774,2022-10-02,ios
2903496,2023-01-27,ios
2901040,2023-01-06,android
2903352,2022-08-05,ios
2901828,2023-02-01,android
2903636,2023-02-13,android
2903437,2023-02-20,android
2901907,2023-01-24,ios
2903442,2023-03-23,ios
2902825,2022-07-06,android
2902070,2023-03-25,ios
2903050,2022-12-23,android
2902593,2022-10-09,ios
2902480,2023-03-02,android
2902785,2023-03-01,ios
2902270,2022-10-28,android
2903169,2023-03-18,android
2903498,2022-10-28,ios
2901763,2022-12-10,ios
2903982,2022-11-24,ios
2902591,2023-03-19,android
2903135,2023-01-10,ios
2902507,2023-03-28,ios
2902545,2022-11-26,ios
2903422,2022-08-30,android
2901453,2023-03-14,ios
2903829,2022-08-12,ios
2901884,2022-11-11,ios
2903590,2023-01-27,ios
2903601,2023-03-03,ios
2902448,2022-11-16,ios
2903295,2022-10-11,ios
2904059,2023-01-22,ios
2902158,2022-11-17,ios
2903581,2022-10-06,ios
2903896,2023-03-14,ios
2903411,2023-02-19,ios
2903741,2022-12-24,ios
2903980,2022-09-05,ios
2902604,2022-10-06,android
2901395,2023-02-24,ios
2901823,2022-12-01,android
2901953,2023-01-30,android
2902590,2023-03-16,ios
2902886,2023-01-15,ios
2903305,2022-07-07,android
2901719,2023-03-09,android
2903419,2023-02-06,ios
2903846,2022-09-29,ios
2901162,2023-03-05,android
2901557,2023-01-20,ios
2902426,2022-10-17,ios
2902904,2022-12-18,android
2903696,2022-11-10,ios
2903455,2023-01-02,ios
2901368,2022-09-18,ios
2903256,2022-08-15,ios
2903793,2022-08-27,ios
2902195,2022-07-19,ios
2901429,2023-02-16,ios
2903536,2023-03-29,ios
2901402,2023-03-21,ios
2901270,2023-01-30,ios
2903975,2023-01-10,android
2901344,2023-01-27,android
2901772,2023-01-06,android
2903533,2022-12-06,android
2901396,2023-02-01,android
2901526,2023-02-24,ios
2901318,2023-01-06,android
2901636,2023-03-01,ios
2901777,2023-03-26,android
2904073,2022-10-12,ios
2903895,2022-09-07,ios
2903309,2023-02-28,ios
2902522,2022-11-20,ios
2901041,2022-09-26,ios
2901892,2022-09-29,ios
2903557,2023-01-18,android
2902582,2022-11-30,ios
2902071,2023-01-30,android
2903005,2023-01-16,android
2901420,2023-02-04,ios
2903380,2022-09-27,android
2902877,2022-11-18,ios
2901011,2023-01-08,ios
2901608,2023-01-12,ios
2903839,2022-09-16,ios
2903702,2022-07-21,ios
2902075,2023-01-07,android
2903819,2023-01-24,ios
2901785,2023-03-02,ios
2901807,2023-01-31,android
2901373,2023-03-06,ios
2901455,2023-03-21,android
2902955,2023-03-05,ios
2902498,2022-07-28,ios
2901525,2022-10-20,android
2901780,2023-01-06,ios
2902677,2023-03-11,ios
2903510,2022-08-13,ios
2902888,2023-03-30,android
2902683,2022-12-30,ios
2902626,2022-11-10,ios
2901365,2022-10-25,android
2901628,2023-01-08,android
2901810,2022-09-01,android
2903425,2022-07-25,ios
2903770,2022-12-15,ios
2902801,2023-01-04,ios
2903285,2022-12-03,ios
2902897,2023-01-16,android
2901424,2023-03-07,android
2902628,2022-11-08,ios
2903141,2023-02-02,ios
2901821,2023-03-25,ios
2903753,2022-12-24,ios
2901827,2023-01-21,ios
2902530,2022-11-26,android
2901576,2023-02-23,ios
2903873,2023-03-23,ios
2902601,2022-10-11,android
2903837,2023-01-15,android
2903136,2022-12-03,android
2902020,2023-02-20,ios
2902364,2022-09-25,ios
2902511,2022-07-16,ios
2902741,2023-03-30,ios
2903249,2022-10-31,android
2903040,2022-09-04,ios
2902701,2023-03-03,ios
2902723,2022-09-09,ios
2902472,2023-03-16,ios
2901642,2023-03-09,ios
2903898,2023-03-04,android
2903086,2023-02-22,ios
2901304,2022-12-28,ios
2903202,2023-02-27,ios
2902871,2022-11-16,android
2903778,2023-03-25,ios
2902266,2023-03-02,android
2903584,2022-07-14,android
2902648,2022-08-08,ios
2901230,2023-02-17,ios
2903089,2023-03-09,android
2902372,2023-01-12,ios
2901672,2022-11-29,android
2902130,2023-02-25,android
2902456,2022-07-30,ios
2901679,2023-02-18,ios
2901472,2022-09-16,android
2902640,2022-08-09,ios
2901168,2022-07-08,android
2903852,2022-12-18,ios
2903378,2023-02-25,ios
2903369,2022-07-28,ios
2902934,2022-08-17,ios
2903252,2022-08-04,ios
2901704,2023-03-04,android
2902806,2023-03-16,ios
2901143,2022-12-27,android
2903521,2023-03-22,ios
2901120,2023-03-10,ios
2903955,2022-09-14,ios
2902453,2023-03-28,android
2901383,2022-09-16,ios
2902837,2023-03-21,ios
2901254,2022-11-27,ios
2901139,2022-11-13,android
2901797,2022-11-24,ios
2901939,2023-02-16,ios
2901677,2022-12-12,ios
2904051,2022-10-09,android
2903503,2023-02-27,ios
2902761,2023-03-18,ios
2903356,2023-02-08,ios
2903781,2022-08-21,ios
2903948,2023-02-03,android
2901665,2022-08-12,ios
2903292,2022-07-10,ios
2901191,2023-03-25,ios
2903943,2022-09-27,android
2903386,2023-03-08,ios
2903121,2023-03-07,ios
2903479,2022-07-30,android
2902651,2022-09-05,ios
2902760,2022-10-01,ios
2902874,2023-02-15,android
2901905,2023-03-03,android
2901746,2022-08-04,android
2901744,2022-11-14,android
2902635,2022-09-25,android
2904042,2023-02-08,ios
2903081,2023-01-11,android
2901449,2022-08-12,ios
2902444,2022-10-06,android
2903017,2022-09-23,ios
2903526,2023-02-11,ios
2902542,2023-01-31,android
2901866,2023-01-06,android
2903403,2023-03-15,ios
2901689,2022-08-19,android
2902873,2023-03-15,android
2902496,2023-01-03,android
2901598,2023-02-20,ios
2903824,2022-07-04,ios
2903960,2022-07-24,ios
2903942,2023-03-07,ios
2902620,2023-02-27,ios
2902092,2022-11-22,android
2903400,2023-03-07,ios
2901266,2023-01-11,android
2903381,2023-02-14,ios
2903509,2023-01-28,ios
2903137,2022-09-08,ios
2902366,2023-03-05,ios
2902043,2022-10-23,android
2902279,2022-09-12,ios
2902863,2022-10-07,ios
2901645,2023-02-07,android
2901154,2023-01-06,ios
2903134,2022-11-20,android
2903482,2023-02-22,android
2904018,2023-02-27,android
2902531,2023-02-08,ios
2902162,2022-11-10,android
2903762,2022-11-04,ios
2901502,2023-02-20,ios
2901225,2023-02-21,ios
2902430,2022-08-05,android
2903096,2023-02-21,android
2903036,2022-09-28,ios
2903255,2022-08-05,android
2901820,2022-08-22,ios
2903776,2023-02-17,ios
2903505,2023-02-25,ios
2901991,2022-08-19,android
2901486,2022-08-24,android
2901423,2023-02-26,ios
2901290,2023-03-12,android
2902643,2022-10-03,ios
2901582,2022-10-26,ios
2901199,2022-09-30,ios
2903857,2023-03-16,android
2904001,2023-02-09,ios
2901028,2022-09-16,android
2903916,2023-02-02,android
2903577,2023-03-17,ios
2902149,2022-09-15,ios
2904044,2022-09-17,ios
2903216,2023-02-27,ios
2902483,2023-01-27,ios
2902267,2023-03-05,android
2903359,2023-03-19,android
2903228,2022-11-02,ios
2903198,2022-08-28,ios
2902309,2023-03-13,ios
2901436,2022-09-23,android
2901568,2023-03-02,android
2902082,2023-02-25,ios
2901861,2023-02-08,ios
2901968,2022-12-08,ios
2902985,2022-11-24,android
2902829,2022-11-13,ios
2902320,2023-03-17,ios
2903275,2023-03-20,ios
2902459,2022-11-15,android
2902940,2023-02-06,ios
2903614,2023-02-24,ios
2901632,2022-11-18,android
2904008,2022-12-03,android
2902281,2022-07-05,android
2902280,2023-02-26,ios
2901975,2023-01-29,ios
2902892,2022-08-08,android
2901063,2023-03-01,ios
2901227,2022-07-07,android
2903610,2023-03-26,android
2902088,2023-02-01,android
2902010,2022-07-05,ios
2901445,2022-12-29,android
2901260,2023-01-11,ios
2903525,2022-12-24,ios
2902497,2022-08-15,ios
2901172,2023-03-26,android
2902796,2023-01-31,ios
2902957,2023-01-27,ios
2901109,2023-03-04,ios
2901451,2022-09-29,android
2902719,2022-07-20,android
2903346,2023-02-11,ios
2901506,2022-12-30,android
2903992,2022-10-04,ios
2901686,2023-02-21,ios
2903194,2023-02-26,android
2901853,2023-03-29,ios
2901151,2022-10-30,ios
2902838,2022-12-24,android
2902903,2023-03-14,ios
2903972,2022-10-12,ios
2903772,2022-09-22,android
2901630,2022-08-25,ios
2904069,2022-10-17,ios
2901448,2022-09-28,android
2903307,2023-03-09,android
2903058,2023-03-30,ios
2902305,2023-02-28,ios
2903855,2022-11-01,ios
2903087,2022-09-08,ios
2901252,2023-01-22,android
2902234,2022-12-18,ios
2902907,2023-01-02,ios
2903382,2022-11-22,ios
2902967,2023-02-24,ios
2901987,2022-10-18,android
2901873,2023-03-21,android
2902147,2022-09-17,android
2903912,2022-08-06,android
2901580,2022-07-18,android
2903106,2022-08-11,android
2902051,2023-03-09,ios
2903298,2022-12-24,ios
2903632,2022-10-06,ios
2904088,2023-03-24,android
2903336,2023-03-13,ios
2901622,2023-02-03,android
2903550,2023-02-07,ios
2903825,2022-07-01,android
2903913,2022-11-18,ios
2902439,2023-02-24,ios
2901160,2022-10-31,ios
2903719,2022-10-24,ios
2901321,2022-10-16,ios
2902304,2023-03-11,ios
2901315,2023-01-25,android
2904046,2023-02-25,android
2902351,2022-07-04,ios
2903926,2022-10-13,ios
2903870,2022-11-18,android
2903568,2022-11-29,ios
2901264,2023-03-04,android
2901860,2023-01-10,android
2901189,2023-02-16,android
2902606,2022-11-28,ios
2902598,2023-03-12,ios
2903406,2023-01-11,ios
2902649,2022-08-07,ios
2903067,2023-02-08,ios
2901349,2022-08-24,ios
2901612,2022-09-14,ios
2903238,2022-12-10,ios
2903064,2023-03-11,ios
2901603,2023-03-03,ios
2902236,2023-03-18,ios
2903981,2022-08-09,android
2901442,2022-11-05,android
2903596,2023-03-28,ios
2902133,2022-10-28,ios
2903866,2023-01-08,ios
2903731,2023-02-19,ios
2903597,2023-02-24,ios
2902685,2022-10-20,android
2902991,2023-01-01,android
2903704,2023-02-26,android
2903093,2023-03-25,ios
2901799,2023-02-02,ios
2902524,2022-11-16,ios
2902609,2022-09-29,android
2904034,2022-12-23,ios
2903461,2023-03-25,ios
2903233,2023-01-22,ios
2901232,2022-08-26,android
2903390,2023-03-19,android
2902749,2022-12-27,ios
2902206,2022-11-10,ios
2901664,2023-03-07,ios
2901284,2022-08-30,android
2904082,2023-01-01,android
2902354,2023-01-10,android
2904029,2023-02-06,android
2902669,2023-02-15,android
2901839,2023-01-24,android
2903207,2023-02-22,ios
2903901,2023-01-31,ios
2901047,2023-03-02,ios
2903531,2022-09-27,android
2903995,2022-09-25,ios
2902434,2023-02-28,ios
2901752,2023-03-26,ios
2902745,2022-12-06,ios
2901112,2022-11-27,android
2901069,2022-12-04,ios
2902451,2022-07-14,ios
2903573,2023-03-27,ios
2903187,2022-10-17,ios
2901926,2022-10-01,android
2901462,2022-09-04,android
2901600,2023-03-27,ios
2903264,2022-12-06,ios
2903037,2022-12-22,ios
2901273,2023-02-25,ios
2902596,2023-03-06,ios
2903488,2023-02-26,ios
2902793,2022-11-27,android
2901367,2022-10-30,android
2904055,2022-09-14,ios
2903492,2023-03-20,ios
2901545,2022-08-10,ios
2903392,2023-02-14,ios
2902595,2022-09-15,ios
2901748,2022-09-02,android
2902823,2022-09-03,android
2902632,2022-12-01,android
2901513,2022-08-14,ios
2903286,2022-10-09,ios
2903274,2023-02-19,android
2903548,2022-07-31,ios
2903363,2023-03-03,ios
2902441,2023-02-23,android
2901623,2022-08-23,android
2903376,2022-10-16,ios
2903545,2023-03-02,android
2903190,2022-10-18,ios
2902431,2023-03-16,ios
2904027,2023-01-08,android
2901328,2022-11-02,ios
2903612,2022-08-10,android
2903152,2022-12-21,android
2901841,2023-01-12,ios
2903848,2022-12-01,ios
2902156,2022-07-24,ios
2901018,2022-11-21,ios
2903726,2023-01-11,ios
2902177,2022-12-26,ios
2902844,2023-01-03,ios
2902510,2022-08-22,ios
2902251,2023-02-09,ios
2903177,2022-09-24,android
2901019,2023-03-30,android
2902551,2022-12-07,ios
2903480,2022-12-02,ios
2901401,2022-07-28,ios
2903469,2023-03-03,ios
2901377,2023-03-22,android
2903633,2022-10-20,ios
2903695,2023-02-19,ios
2901346,2022-09-02,android
2902338,2022-07-05,ios
2902303,2022-10-16,ios
2903342,2023-02-23,android
2904039,2022-10-16,ios
2901787,2023-03-05,android
2902959,2023-03-02,ios
2901474,2023-01-31,ios
2902477,2023-03-10,ios
2901067,2023-02-18,android
2903967,2023-02-09,ios
2901123,2023-03-16,ios
2902362,2023-02-20,ios
2903076,2023-01-13,ios
2902393,2023-01-15,ios
2901360,2023-01-22,ios
2901529,2023-02-27,ios
2903589,2022-11-29,ios
2903790,2023-03-16,android
2902687,2022-12-27,ios
2901237,2022-10-26,android
2904045,2022-08-24,ios
2903817,2022-10-23,android
2903176,2023-02-28,ios
2902409,2023-03-05,ios
2902565,2022-12-10,ios
2902240,2023-02-20,ios
2902328,2023-03-29,ios
2902106,2022-07-23,ios
2903939,2022-07-21,ios
2902978,2022-08-23,android
2902579,2022-12-28,android
2903161,2023-01-18,ios
2901145,2022-12-01,android
2903988,2023-03-17,android
2903269,2023-01-25,android
2902855,2022-11-06,ios
2902205,2023-03-16,android
2903530,2023-03-15,ios
2903183,2022-11-08,ios
2903784,2023-01-08,android
2902634,2023-01-07,ios
2903329,2022-11-29,ios
2903511,2023-01-06,ios
2904017,2023-03-10,android
2903120,2022-12-23,ios
2901272,2022-08-19,android
2903512,2022-09-03,ios
2901734,2022-09-21,ios
2903592,2022-08-13,ios
2903578,2022-10-14,android
2903154,2022-09-21,ios
2901297,2022-09-09,ios
2903101,2022-11-19,ios
2902048,2022-12-28,ios
2903879,2022-12-05,ios
2903350,2023-01-12,ios
2903149,2023-03-01,ios
2901384,2023-02-28,ios
2903844,2023-01-02,ios
2901357,2022-11-29,android
2901716,2022-10-30,ios
2903761,2022-11-25,android
2902415,2022-09-22,ios
2903672,2022-10-07,android
2903445,2023-02-19,ios
2903016,2022-08-05,ios
2902108,2023-02-20,android
2902946,2023-03-04,android
2903876,2023-02-07,ios
2902093,2023-02-11,ios
2903847,2023-03-03,ios
2901649,2022-09-09,ios
2902355,2023-03-01,ios
2903046,2022-12-26,android
2903433,2022-10-13,ios
2901590,2022-08-22,ios
2902755,2022-08-16,ios
2902736,2023-01-25,ios
2904020,2022-07-24,android
2901855,2023-03-09,android
2901037,2023-03-05,ios
2902144,2022-12-10,android
2901135,2022-11-02,android
2902584,2022-12-27,android
2903052,2023-01-04,ios
2902214,2023-02-09,ios
2901946,2022-07-11,ios
2903175,2022-10-13,ios
2901606,2022-07-07,ios
2903923,2022-10-01,android
2901347,2022-12-31,ios
2902322,2023-02-24,ios
2902995,2022-12-20,ios
2901194,2023-02-14,ios
2901248,2022-12-17,ios
2902856,2022-12-03,ios
2901507,2022-10-17,ios
2903030,2023-03-09,android
2902238,2022-12-11,android
2901394,2022-12-24,android
2902803,2023-02-26,ios
2901863,2023-03-01,ios
2902512,2023-02-28,ios
2901517,2022-11-11,ios
2902221,2022-11-14,ios
2901609,2023-03-21,android
2901223,2022-09-23,ios
2901844,2023-03-22,ios
2903937,2023-03-27,ios
2902756,2022-11-12,ios
2902394,2022-10-07,android
2903904,2023-01-09,android
2901497,2022-08-09,ios
2901964,2022-10-14,ios
2902023,2023-02-14,ios
2902011,2022-10-05,ios
2903484,2022-12-15,android
2901282,2022-07-08,android
2903146,2022-08-24,ios
2902044,2022-10-24,android
2902633,2023-01-05,android
2904035,2022-12-28,android
2903139,2023-03-05,android
2902853,2022-07-19,ios
2901800,2023-03-05,android
2902770,2023-03-18,ios
2902526,2023-03-30,android
2903280,2022-10-10,android
2901710,2023-02-15,android
2903891,2022-08-10,ios
2901819,2022-07-30,ios
2903427,2023-03-17,android
2903466,2023-02-24,ios
2903593,2023-01-12,android
2901414,2023-02-27,ios
2902981,2022-09-15,ios
2901589,2023-02-05,ios
2901867,2023-03-27,ios
2902908,2023-03-27,ios
2902905,2022-10-29,android
2903529,2022-12-08,ios
2904066,2022-12-05,android
2903802,2022-09-03,android
2901798,2022-07-21,android
2901605,2022-12-09,ios
2901847,2022-12-10,ios
2901012,2023-02-07,ios
2902735,2023-01-23,android
2901764,2022-09-09,ios
2903131,2023-01-17,ios
2901088,2022-07-03,ios
2903566,2023-03-13,ios
2901967,2022-11-11,ios
2903579,2022-07-23,ios
2903885,2023-03-01,android
2901425,2023-02-03,ios
2901758,2022-07-15,ios
2901749,2022-12-31,android
2902569,2023-01-19,android
2902667,2022-08-24,ios
2901948,2022-07-25,android
2901397,2022-10-26,ios
2901560,2023-01-16,android
2901305,2022-12-02,ios
2902485,2022-09-16,ios
2901197,2022-08-29,android
2902813,2023-02-03,ios
2901563,2023-03-19,ios
2902378,2022-11-22,ios
2902396,2023-01-17,ios
2903877,2022-08-20,ios
2903682,2023-01-20,ios
2902852,2023-02-28,ios
2902061,2022-08-19,ios
2901682,2022-11-06,ios
2903996,2022-10-03,android
2901354,2023-03-04,ios
2901073,2023-01-26,ios
2903639,2022-07-10,android
2901378,2022-09-23,ios
2901932,2022-09-08,android
2901587,2023-02-28,ios
2901678,2023-03-26,android
2902052,2023-02-28,android
2904068,2022-09-24,android
2902155,2022-09-04,ios
2901876,2022-09-26,android
2901794,2022-11-16,android
2901345,2022-11-20,ios
2902389,2023-01-16,ios
2901411,2023-01-24,ios
2903004,2023-01-05,ios
2903073,2022-09-16,ios
2903082,2022-07-07,ios
2901567,2023-03-19,ios
2902513,2022-12-12,ios
2901353,2023-02-06,ios
2901404,2022-08-07,ios
2902744,2022-07-22,ios
2903506,2023-03-13,android
2903840,2022-08-11,ios
2903732,2023-03-20,android
2902471,2022-10-27,android
2901198,2022-11-10,ios
2901104,2023-03-26,ios
2901358,2023-02-01,android
2903787,2023-01-11,android
2902185,2022-11-04,ios
2903153,2023-02-24,ios
2903838,2023-03-09,android
2902406,2023-03-15,ios
2902263,2023-03-28,ios
2902751,2022-10-13,ios
2903679,2022-07-05,android
2901209,2022-07-08,ios
2901565,2023-01-01,ios
2902462,2022-08-02,ios
2902382,2022-12-17,android
2903522,2023-03-27,android
2901222,2022-08-14,ios
2903722,2023-03-12,android
2902114,2022-09-07,android
2903039,2023-03-01,ios
2903345,2022-11-06,android
2903297,2022-07-14,android
2902828,2023-02-13,ios
2902157,2023-03-05,ios
2901703,2023-03-21,ios
2903534,2022-07-09,ios
2903864,2022-09-11,android
2901332,2022-11-29,ios
2902339,2022-08-21,ios
2901022,2023-01-08,ios
2902916,2023-03-15,ios
2903203,2023-02-21,ios
2902541,2022-11-07,ios
2902533,2023-03-04,android
2903990,2023-01-15,android
2903435,2022-11-09,android
2902500,2023-03-08,ios
2901046,2023-03-30,ios
2903661,2023-03-08,android
2903001,2023-03-06,android
2902203,2023-03-28,ios
2901745,2023-01-28,ios
2903738,2023-03-09,ios
2902104,2022-07-12,ios
2902616,2022-12-25,android
2901994,2023-02-25,ios
2903110,2022-07-02,ios
2903487,2022-08-18,android
2902668,2023-02-25,android
2903315,2022-10-18,ios
2901552,2023-02-20,ios
2903649,2022-11-15,ios
2901898,2023-03-20,android
2902455,2023-01-19,ios
2903375,2022-08-04,ios
2903721,2022-07-05,ios
2902592,2022-09-10,ios
2902654,2022-09-19,ios
2903324,2022-07-31,android
2902475,2023-02-25,android
2902673,2023-01-20,ios
2901982,2022-07-01,ios
2903698,2023-03-02,android
2901912,2023-01-26,android
2902239,2023-03-06,ios
2903736,2022-09-16,ios
2903133,2022-10-06,android
2901696,2023-03-03,ios
2902520,2022-12-11,android
2903408,2023-02-07,android
2901334,2022-07-11,ios
2901870,2023-03-15,ios
2901707,2022-07-26,ios
2903237,2023-01-29,ios
2901138,2022-10-06,ios
2901928,2023-02-28,android
2902116,2023-03-22,ios
2902495,2022-11-11,ios
2902012,2022-08-08,android
2901246,2022-08-17,ios
2901979,2022-07-28,ios
2902166,2023-03-08,android
2903065,2022-08-11,ios
2902630,2022-08-19,ios
2901074,2022-08-28,android
2901042,2022-09-22,ios
2901146,2023-03-02,ios
2902390,2022-11-14,ios
2903405,2023-02-12,ios
2901190,2023-02-01,android
2903733,2023-03-22,ios
2902341,2023-01-07,android
2901363,2022-09-24,android
2903373,2023-01-04,ios
2901965,2023-02-08,ios
2902313,2022-07-23,android
2901753,2023-02-20,ios
2901393,2022-12-13,ios
2902422,2023-01-27,ios
2903159,2023-01-02,ios
2901033,2023-02-07,android
2901851,2023-03-13,ios
2901793,2022-11-29,android
2903213,2023-01-14,ios
2901356,2022-08-14,android
2902002,2023-01-03,android
2903270,2023-03-09,ios
2901890,2022-10-28,android
2902257,2023-03-14,android
2903085,2023-02-21,android
2904056,2023-01-20,ios
2901950,2023-03-02,android
2903872,2022-08-24,ios
2902890,2022-09-21,android
2901106,2023-02-20,ios
2901641,2023-02-16,android
2902190,2023-03-23,ios
2902752,2022-12-04,ios
2902700,2022-10-04,android
2902831,2022-11-11,android
2902775,2022-11-11,ios
2901561,2022-07-01,ios
2903556,2023-01-18,ios
